"","site_code","Taxon","mean.before.control","mean.before.drought","mean.after.control","mean.after.drought"
"1","allmendb.ch","ACHILLEA MILLEFOLIUM",1.33333333333333,1.875,1.83333333333333,1.25
"2","allmendb.ch","AGRIMONIA EUPATORIA",NA,0.25,NA,NA
"3","allmendb.ch","ANTHYLLIS VULNERARIA",0.75,NA,0.75,NA
"4","allmendb.ch","ASPERULA CYNANCHICA",0.25,0.25,0.25,0.25
"5","allmendb.ch","BRACHYPODIUM PINNATUM",12,9.75,18.5833333333333,13
"6","allmendb.ch","BRIZA MEDIA",3.33333333333333,4.16666666666667,2.5,2.5
"7","allmendb.ch","BROMUS ERECTUS",18,26.25,17.25,22.0833333333333
"8","allmendb.ch","CAREX CARYOPHYLLEA",10.75,16.5,10.8333333333333,16.5
"9","allmendb.ch","CAREX FLACCA",4.25,NA,4.375,0.25
"10","allmendb.ch","CARLINA VULGARIS",0.25,0.5,0.25,NA
"11","allmendb.ch","CENTAUREA JACEA",1.91666666666667,1.5,2.33333333333333,1.5
"12","allmendb.ch","CENTAUREA SCABIOSA",5.5,6.08333333333333,5.16666666666667,7.25
"13","allmendb.ch","CREPIS BIENNIS",0.25,0.5,1.75,0.5
"14","allmendb.ch","ECHIUM VULGARE",NA,1.75,0.25,0.375
"15","allmendb.ch","EUPHORBIA CYPARISSIAS",NA,3.25,0.25,2
"16","allmendb.ch","FESTUCA OVINA",3.5,0.625,2.25,0.833333333333333
"17","allmendb.ch","GALIUM VERUM",3.75,NA,0.833333333333333,NA
"18","allmendb.ch","GLOBULARIA VULGARIS",1.58333333333333,0.25,1.75,0.375
"19","allmendb.ch","HELIANTHEMUM NUMMULARIUM var. GRANDIFLORUM",4.58333333333333,5.41666666666667,6.25,10.8333333333333
"20","allmendb.ch","HELICTOTRICHON PRATENSE",2.66666666666667,2.75,2.75,4.25
"21","allmendb.ch","HIPPOCREPIS COMOSA",7.5,5.83333333333333,12.5,10.4166666666667
"22","allmendb.ch","KNAUTIA ARVENSIS",NA,1.5,NA,1.5
"23","allmendb.ch","LEUCANTHEMUM VULGARE",1,0.75,1.375,1.5
"24","allmendb.ch","LINUM CATHARTICUM",4.58333333333333,3.25,2.5,2.08333333333333
"25","allmendb.ch","LOTUS CORNICULATUS",NA,1.91666666666667,0.916666666666667,1.33333333333333
"26","allmendb.ch","PARNASSIA PALUSTRIS",0.25,NA,NA,NA
"27","allmendb.ch","PIMPINELLA SAXIFRAGA",4,2.5,2.5,2.41666666666667
"28","allmendb.ch","PLANTAGO LANCEOLATA",0.25,0.375,0.25,1
"29","allmendb.ch","POTENTILLA GRANDIFLORA",0.375,0.75,0.916666666666667,0.666666666666667
"30","allmendb.ch","PRUNELLA VULGARIS",13.5833333333333,9.16666666666667,17.8333333333333,14.0833333333333
"31","allmendb.ch","RHINANTHUS MINOR",6.66666666666667,5.08333333333333,0.416666666666667,2
"32","allmendb.ch","SALVIA PRATENSIS",1.5,2.375,1.125,3.25
"33","allmendb.ch","SANGUISORBA MINOR",4.5,6.08333333333333,2.66666666666667,2.5
"34","allmendb.ch","SCABIOSA COLUMBARIA",1.33333333333333,1.5,2.58333333333333,1
"35","allmendb.ch","TEUCRIUM CHAMAEDRYS",0.5,14.75,1,5.75
"36","allmendb.ch","THYMUS SERPYLLUM",2.41666666666667,2.16666666666667,2.16666666666667,1.66666666666667
"37","allmendb.ch","TRIFOLIUM MONTANUM",0.25,0.25,1,0.25
"38","allmendb.ch","TRIFOLIUM PRATENSE",0.583333333333333,0.583333333333333,1,0.75
"39","allmendo.ch","ACHILLEA MILLEFOLIUM",0.75,1.375,1.25,0.75
"40","allmendo.ch","ANTHYLLIS VULNERARIA",1,2.16666666666667,0.875,1.5
"41","allmendo.ch","ASPERULA CYNANCHICA",0.375,1.375,0.416666666666667,2.375
"42","allmendo.ch","BRACHYPODIUM PINNATUM",6.25,5.83333333333333,3.58333333333333,6.08333333333333
"43","allmendo.ch","BRIZA MEDIA",1.66666666666667,2.66666666666667,1.83333333333333,2.41666666666667
"44","allmendo.ch","BROMUS ERECTUS",17.25,16.5,22.8333333333333,15.6666666666667
"45","allmendo.ch","CAREX CARYOPHYLLEA",14.1666666666667,15.75,12.4166666666667,14.1666666666667
"46","allmendo.ch","CAREX FLACCA",1.75,5,1.5,1.5
"47","allmendo.ch","CENTAUREA JACEA",1,0.583333333333333,1,2.25
"48","allmendo.ch","CENTAUREA SCABIOSA",3,1.58333333333333,4.125,1.75
"49","allmendo.ch","EUPHORBIA CYPARISSIAS",2.25,0.25,2.25,1.75
"50","allmendo.ch","FESTUCA OVINA",7.08333333333333,7.25,5.41666666666667,7.08333333333333
"51","allmendo.ch","GALIUM VERUM",1.41666666666667,1.375,1.75,0.875
"52","allmendo.ch","GLOBULARIA VULGARIS",0.375,0.375,0.583333333333333,1.33333333333333
"53","allmendo.ch","HELIANTHEMUM NUMMULARIUM var. GRANDIFLORUM",3.66666666666667,4.16666666666667,5.83333333333333,5.41666666666667
"54","allmendo.ch","HELICTOTRICHON PRATENSE",1.75,3.83333333333333,1.08333333333333,3.75
"55","allmendo.ch","HIPPOCREPIS COMOSA",6.66666666666667,4.16666666666667,5.33333333333333,2.83333333333333
"56","allmendo.ch","LEONTODON HISPIDUS",0.5,0.5,NA,NA
"57","allmendo.ch","LINUM CATHARTICUM",5.41666666666667,6.25,2.08333333333333,1.66666666666667
"58","allmendo.ch","LOTUS CORNICULATUS",0.75,0.25,0.625,0.375
"59","allmendo.ch","PIMPINELLA SAXIFRAGA",1.91666666666667,2.25,2.33333333333333,2.16666666666667
"60","allmendo.ch","PLANTAGO LANCEOLATA",0.416666666666667,0.25,0.75,0.75
"61","allmendo.ch","POLYGALA VULGARIS",NA,0.25,0.375,0.5
"62","allmendo.ch","POTENTILLA GRANDIFLORA",1.75,0.416666666666667,5.25,3.25
"63","allmendo.ch","PRUNELLA VULGARIS",5.75,6.25,7.91666666666667,4.16666666666667
"64","allmendo.ch","RHINANTHUS MINOR",2.33333333333333,3.41666666666667,1.08333333333333,0.833333333333333
"65","allmendo.ch","SALVIA PRATENSIS",NA,2.625,0.5,3.875
"66","allmendo.ch","SANGUISORBA MINOR",NA,0.5,NA,0.5
"67","allmendo.ch","SCABIOSA COLUMBARIA",0.416666666666667,1,0.25,1.625
"68","allmendo.ch","TEUCRIUM CHAMAEDRYS",2.08333333333333,1.25,3.83333333333333,2.58333333333333
"69","allmendo.ch","TEUCRIUM MONTANUM",3.5,0.5,7.25,NA
"70","allmendo.ch","THYMUS SERPYLLUM",1,0.416666666666667,1.5,1.83333333333333
"71","allmendo.ch","TRIFOLIUM MONTANUM",1.08333333333333,0.25,0.666666666666667,0.5
"72","baddrt.de","ACER PSEUDOPLATANUS",1,NA,NA,NA
"73","baddrt.de","APERA SPICA-VENTI",1.775,7,4.7625,9.36666666666667
"74","baddrt.de","ATRIPLEX PROSTRATA",NA,0.5,NA,NA
"75","baddrt.de","BROMUS HORDEACEUS",NA,0.55,0.55,0.01
"76","baddrt.de","BROMUS STERILIS",NA,2,0.1025,5
"77","baddrt.de","CARDUUS CRISPUS",1,1.5,NA,NA
"78","baddrt.de","CIRSIUM ARVENSE",10.5,12.6,3.27777777777778,3.3
"79","baddrt.de","CREPIS BIENNIS",40.7,52,4.85714285714286,6.5
"80","baddrt.de","CREPIS CAPILLARIS",3.55555555555556,5.4,1.61666666666667,9
"81","baddrt.de","EPILOBIUM ANGUSTIFOLIUM",NA,5,NA,1.05
"82","baddrt.de","EPILOBIUM TETRAGONUM",5.7,7,0.812,0.8
"83","baddrt.de","ERIGERON CANADENSIS",1,NA,0.353333333333333,NA
"84","baddrt.de","FALLOPIA CONVOLVULUS",0.1,0.5,NA,NA
"85","baddrt.de","GALIUM APARINE",0.26,0.5,0.07,0.1
"86","baddrt.de","GEUM URBANUM",NA,0.5,NA,NA
"87","baddrt.de","HYPERICUM PERFORATUM",0.5,NA,0.2,NA
"88","baddrt.de","PAPAVER RHOEAS",0.5,NA,NA,NA
"89","baddrt.de","PICRIS HIERACIOIDES",33.7,23.2,63,48
"90","baddrt.de","POA TRIVIALIS",2,NA,1.40333333333333,0.01
"91","baddrt.de","PRUNUS AVIUM",0.5,NA,0.3,NA
"92","baddrt.de","RUMEX CRISPUS",7,NA,5,0.5
"93","baddrt.de","SOLIDAGO CANADENSIS",4.25,NA,0.2,0.15
"94","baddrt.de","SONCHUS ASPER",2,2.125,0.35,1
"95","baddrt.de","TARAXACUM TARAXACUM",7.25,8.75,2.24,7.06
"96","baddrt.de","TRAGOPOGON PRATENSIS",1,1,0.5,NA
"97","baddrt.de","TRIPLEUROSPERMUM INODORUM",0.533333333333333,0.5,0.5,NA
"98","baddrt.de","VERONICA PERSICA",NA,0.1,NA,NA
"99","baddrt.de","VICIA SEPIUM",4,NA,NA,NA
"100","baddrt.de","VULPIA MYUROS",1.33333333333333,80,4.34285714285714,3.53333333333333
"101","biddulph.ca","ARTEMISIA FRIGIDA",3,1,5,2
"102","biddulph.ca","ARTEMISIA LUDOVICIANA",NA,0.75,NA,1
"103","biddulph.ca","CIRSIUM ARVENSE",NA,0.5,NA,NA
"104","biddulph.ca","FESTUCA ALTAICA",0.666666666666667,2.16666666666667,2,0.5
"105","biddulph.ca","HETEROTHECA VILLOSA",NA,3,NA,NA
"106","biddulph.ca","LYGODESMIA JUNCEA",NA,1,0.75,NA
"107","biddulph.ca","PHLOX HOODII",NA,0.5,NA,NA
"108","biddulph.ca","PSORALEA LANCEOLATA",1.5,2,6.5,11
"109","biddulph.ca","ROSA ARKANSANA",3,1,8,1
"110","biddulph.ca","SOLIDAGO MISSOURIENSIS",5,NA,8,NA
"111","biddulph.ca","STIPA COMATA",3.5,5.5,12.5,14.5
"112","brokenh.au","ACTINOBOLE ULIGINOSUM",4.33333333333333,3,NA,NA
"113","brokenh.au","ALTERNANTHERA SESSILIS",1.5,1,NA,NA
"114","brokenh.au","CRASSULA COLORATA",1,1,NA,NA
"115","brokenh.au","DAUCUS GLOCHIDIATUS",1,NA,NA,NA
"116","brokenh.au","GOODENIA CYCLOPTERA",1,2,NA,NA
"117","brokenh.au","HARMSIODOXA BREVIPES",1,NA,NA,NA
"118","brokenh.au","HYPOCHAERIS RADICATA",1,NA,NA,NA
"119","brokenh.au","LEMOORIA BURKITTII",3,12.5,NA,NA
"120","brokenh.au","MAIREANA PYRAMIDATA",30,NA,12,NA
"121","brokenh.au","RHODANTHE PYGMAEA",2.66666666666667,3.66666666666667,NA,NA
"122","brokenh.au","SCLEROLAENA DIACANTHA",1,1,1,1
"123","brokenh.au","SOLANUM ELLIPTICUM",2,2,1,1
"124","brokenh.au","THYRIDOLEPIS MITCHELLIANA",1,2.33333333333333,NA,NA
"125","brookdale.ca","ACHILLEA MILLEFOLIUM",5,5,1,1.5
"126","brookdale.ca","AGASTACHE FOENICULUM",NA,8.333333333,NA,1.5
"127","brookdale.ca","ALLIUM CERNUUM",5,NA,1,NA
"128","brookdale.ca","ANDROPOGON GERARDII",19.833333334,9,2.875,2.611111111
"129","brookdale.ca","ANEMONASTRUM CANADENSE",6.94444444433333,9.16666666666667,2,2.4375
"130","brookdale.ca","ARTEMISIA LUDOVICIANA",12,9.1666666666,1.25,1.95
"131","brookdale.ca","BROMUS INERMIS",9.6666666666,11.25,3.1,3.65
"132","brookdale.ca","CAMPANULA ROTUNDIFOLIA",5,NA,NA,NA
"133","brookdale.ca","CERASTIUM ARVENSE",15,20,NA,NA
"134","brookdale.ca","CIRSIUM ARVENSE",17.666666666,17.5,1.9,2.1333333332
"135","brookdale.ca","CYPRIPEDIUM PARVIFLORUM",5,5,1.25,1
"136","brookdale.ca","GALIUM BOREALE",6.5,6.5,1.2833333334,1.3333333334
"137","brookdale.ca","GLYCYRRHIZA LEPIDOTA",25.166666666,18.5,4.35,3.75
"138","brookdale.ca","HELIOPSIS HELIANTHOIDES",16.875,11,NA,2
"139","brookdale.ca","LATHYRUS PALUSTRIS",5,5,NA,NA
"140","brookdale.ca","LATHYRUS VENOSUS",NA,12.5,NA,NA
"141","brookdale.ca","POA PRATENSIS",66,61,6.55,6.25
"142","brookdale.ca","ROSA ACICULARIS",8.6666666666,8.5,1.5166666666,1.5666666666
"143","brookdale.ca","SOLIDAGO CANADENSIS",27,30,2.4,2.9
"144","brookdale.ca","SOLIDAGO RIGIDA",5,5,2.5,1.5
"145","brookdale.ca","SONCHUS ASPER",12.3333333332,12.5,NA,NA
"146","brookdale.ca","STIPA SPARTEA",NA,5,NA,NA
"147","brookdale.ca","SYMPHORICARPOS OCCIDENTALIS",17.5,13,NA,NA
"148","brookdale.ca","THALICTRUM VENULOSUM",5,6.66666666666667,1,1.75
"149","brookdale.ca","VICIA AMERICANA",5,5,1,1
"150","brookdale.ca","ZIZIA APTERA",5,5,2,1
"151","capmcd.us","AMBROSIA DELTOIDEA",0.5,0.5,NA,NA
"152","capmcd.us","CALANDRINIA CILIATA",0.5,0.5,NA,NA
"153","capmcd.us","DICHELOSTEMMA CAPITATUM",0.5,0.5,0.5,0.5
"154","capmcd.us","ERODIUM CICUTARIUM",0.5,NA,NA,NA
"155","capmcd.us","ERODIUM TEXANUM",0.5,NA,1,0.5
"156","capmcd.us","HARPAGONELLA PALMERI",NA,0.5,NA,NA
"157","capmcd.us","LEPIDIUM LASIOCARPUM",NA,0.5,NA,NA
"158","capmcd.us","LOGFIA ARIZONICA",NA,0.5,0.5,NA
"159","capmcd.us","MONOLEPIS NUTTALLIANA",0.5,0.5,NA,NA
"160","capmcd.us","PECTOCARYA RECURVATA",0.5,0.5,5.21428571428571,2.85714285714286
"161","capmcd.us","PHYSARIA GORDONII",0.5,NA,0.5,NA
"162","capmcd.us","PLAGIOBOTHRYS ARIZONICUS",NA,0.5,NA,NA
"163","capmcd.us","PLANTAGO OVATA",0.583333333333333,1,8.71428571428571,23.7142857142857
"164","capmcd.us","PLANTAGO PATAGONICA",0.5,0.5,0.75,4
"165","capmcd.us","SCHISMUS ARABICUS",71.4285714285714,70.2857142857143,33.8571428571429,25.1428571428571
"166","capwhite.us","AMBROSIA DELTOIDEA",0.5,0.5,NA,NA
"167","capwhite.us","ASTRAGALUS NUTTALLIANUS",NA,0.5,0.5,0.75
"168","capwhite.us","CRYPTANTHA MARITIMA",0.5,NA,NA,NA
"169","capwhite.us","DICHELOSTEMMA CAPITATUM",NA,0.5,NA,NA
"170","capwhite.us","ENCELIA FARINOSA",NA,0.5,NA,NA
"171","capwhite.us","ERODIUM TEXANUM",0.5,0.5,NA,NA
"172","capwhite.us","LEPIDIUM LASIOCARPUM",9.71428571428571,5.71428571428571,NA,NA
"173","capwhite.us","LOEFLINGIA SQUARROSA",0.5,0.5,NA,NA
"174","capwhite.us","LOGFIA ARIZONICA",2.42857142857143,0.833333333333333,0.928571428571429,4.7
"175","capwhite.us","OTTLEYA STRIGOSA",0.5,NA,0.5,0.6
"176","capwhite.us","PECTOCARYA HETEROCARPA",0.5,0.5,1.25,NA
"177","capwhite.us","PECTOCARYA PLATYCARPA",0.5,NA,1.25,0.5
"178","capwhite.us","PECTOCARYA RECURVATA",0.5,0.875,0.5,0.5
"179","capwhite.us","PHYSARIA GORDONII",2.33333333333333,4.6,0.5,0.5
"180","capwhite.us","PLANTAGO OVATA",1.42857142857143,2.85714285714286,9.5,4.57142857142857
"181","capwhite.us","PLANTAGO PATAGONICA",0.714285714285714,0.583333333333333,1.5,1
"182","capwhite.us","SCHISMUS ARABICUS",24.7142857142857,32,35.7142857142857,7.71428571428571
"183","capwhite.us","VULPIA OCTOFLORA",NA,0.5,0.5,NA
"184","cdpt_drt.us","ARISTIDA PURPUREA",NA,5,6,4.33333333333333
"185","cdpt_drt.us","ARTEMISIA FILIFOLIA",4.5,NA,8,NA
"186","cdpt_drt.us","ARTEMISIA FRIGIDA",6.2,12.5,4.66666666666667,11.5
"187","cdpt_drt.us","BOUTELOUA GRACILIS",11.6666666666667,10.6666666666667,15,12.8333333333333
"188","cdpt_drt.us","BROMUS JAPONICUS",5.5,1,2,4
"189","cdpt_drt.us","BUCHLOE DACTYLOIDES",2,NA,1,NA
"190","cdpt_drt.us","CAREX FILIFOLIA",20.1666666666667,20.5,18.5,19.1666666666667
"191","cdpt_drt.us","COREOPSIS TINCTORIA",2,1.75,3.5,2.25
"192","cdpt_drt.us","DALEA ENNEANDRA",0.5,NA,0.5,NA
"193","cdpt_drt.us","DICHANTHELIUM OLIGOSANTHES",1.25,2,3,0.5
"194","cdpt_drt.us","ESCOBARIA VIVIPARA",0.3,0.5,0.18,NA
"195","cdpt_drt.us","GAURA COCCINEA",0.1,0.5,2,1
"196","cdpt_drt.us","HESPEROSTIPA COMATA",13.6666666666667,10.8333333333333,10.1666666666667,15.5
"197","cdpt_drt.us","HETEROTHECA VILLOSA",NA,0.3,NA,0.55
"198","cdpt_drt.us","KOELERIA MACRANTHA",NA,14,10,12
"199","cdpt_drt.us","LIATRIS PUNCTATA",0.5,0.5,0.5,1
"200","cdpt_drt.us","LITHOSPERMUM INCISUM",1.75,1.91666666666667,2.75,2.16666666666667
"201","cdpt_drt.us","LYGODESMIA JUNCEA",1,0.5,1.2,0.55
"202","cdpt_drt.us","MACHAERANTHERA PINNATIFIDA",0.5,0.5,0.3,0.1
"203","cdpt_drt.us","POLYGALA ALBA",0.5,1,NA,2
"204","cdpt_drt.us","PSORALIDIUM TENUIFLORUM",0.3,10.2,1.66666666666667,6.36666666666667
"205","cdpt_drt.us","SPHAERALCEA COCCINEA",0.666666666666667,0.9,1,1.9
"206","cdpt_drt.us","SPOROBOLUS CRYPTANDRUS",7,1,3,1.125
"207","cdpt_drt.us","TRADESCANTIA OCCIDENTALIS",0.5,NA,1,NA
"208","cdpt_drt.us","TRAGOPOGON DUBIUS",0.5,NA,NA,0.1
"209","cdpt_drt.us","VERBENA STRICTA",NA,0.1,NA,0.1
"210","cdpt_drt.us","YUCCA GLAUCA",2,NA,NA,NA
"211","cedarsav.us","AMBROSIA PSILOSTACHYA",4.66666666666667,9.5,NA,NA
"212","cedarsav.us","AMORPHA CANESCENS",9.5,9.33333333333333,2.33333333333333,6.75
"213","cedarsav.us","AMPHICARPAEA BRACTEATA",3,NA,1,NA
"214","cedarsav.us","ANDROPOGON GERARDII",7.66666666666667,9.75,17.1428571428571,8.8
"215","cedarsav.us","ANEMONE CYLINDRICA",3,2,NA,NA
"216","cedarsav.us","ARTEMISIA LUDOVICIANA",1.6,3,1,1
"217","cedarsav.us","BOUTELOUA CURTIPENDULA",2,NA,NA,NA
"218","cedarsav.us","CAMPANULA ROTUNDIFOLIA",1,NA,NA,NA
"219","cedarsav.us","CHONDROSUM HIRSUTUM",2,NA,NA,NA
"220","cedarsav.us","COMANDRA UMBELLATA",1.6,2,9.66666666666667,6.66666666666667
"221","cedarsav.us","COREOPSIS PALMATA",11,6,27.5,6.66666666666667
"222","cedarsav.us","ERAGROSTIS SPECTABILIS",9,2,NA,NA
"223","cedarsav.us","ERIGERON STRIGOSUS",6,1,NA,NA
"224","cedarsav.us","EUTHAMIA GRAMINIFOLIA",5.5,8,4.33333333333333,4
"225","cedarsav.us","FRANGULA ALNUS",NA,1,NA,NA
"226","cedarsav.us","HELIANTHEMUM BICKNELLII",NA,1,NA,4
"227","cedarsav.us","LATHYRUS VENOSUS",4.9,4.75,5,4.5
"228","cedarsav.us","LIATRIS ASPERA",NA,1,NA,NA
"229","cedarsav.us","LITHOSPERMUM CANESCENS",2.5,NA,3,4.33333333333333
"230","cedarsav.us","LITHOSPERMUM CAROLINIENSE",5.5,4.8,NA,NA
"231","cedarsav.us","MUHLENBERGIA RACEMOSA",5.2,NA,5,NA
"232","cedarsav.us","PANICUM ACUMINATUM",3.2,2,3,4
"233","cedarsav.us","PANICUM OLIGOSANTHES",2.5,2,5,NA
"234","cedarsav.us","PANICUM PERLONGUM",1,1,NA,NA
"235","cedarsav.us","PHLOX PILOSA",1.5,NA,NA,NA
"236","cedarsav.us","POA PRATENSIS",5.85714285714286,6.4,5.4,5.6
"237","cedarsav.us","POLYGONATUM BIFLORUM",2,NA,NA,NA
"238","cedarsav.us","QUERCUS ELLIPSOIDALIS",NA,21,NA,20
"239","cedarsav.us","QUERCUS MACROCARPA",10,15,6,15
"240","cedarsav.us","RANUNCULUS RHOMBOIDEUS",4,NA,NA,NA
"241","cedarsav.us","ROSA ARKANSANA",1,3,NA,3
"242","cedarsav.us","SCHIZACHYRIUM SCOPARIUM",14.2857142857143,16,20.625,17
"243","cedarsav.us","SCUTELLARIA GALERICULATA",NA,1,NA,NA
"244","cedarsav.us","SISYRINCHIUM CAMPESTRE",1.5,1,NA,NA
"245","cedarsav.us","SOLIDAGO MISSOURIENSIS",15,NA,6,NA
"246","cedarsav.us","SORGHASTRUM NUTANS",23.5,17.2,12.5,25
"247","cedarsav.us","SPOROBOLUS CRYPTANDRUS",NA,12,NA,NA
"248","cedarsav.us","STIPA SPARTEA",3.66666666666667,3.5,15,NA
"249","cedarsav.us","SYMPHYOTRICHUM ERICOIDES",15,NA,NA,NA
"250","cedarsav.us","SYMPHYOTRICHUM OOLENTANGIENSE",6.6,2,7.66666666666667,NA
"251","cedarsav.us","VIOLA PEDATIFIDA",1.8,1,NA,NA
"252","cedartrait.us","ACHILLEA MILLEFOLIUM",3.5,1,1,1
"253","cedartrait.us","AGROSTIS SCABRA",2.33333333333333,1.5,NA,NA
"254","cedartrait.us","AGROSTIS STOLONIFERA",5,2.33333333333333,NA,NA
"255","cedartrait.us","AMORPHA CANESCENS",6.16666666666667,2.5,3,NA
"256","cedartrait.us","ANDROPOGON GERARDII",13,5,17,6.4
"257","cedartrait.us","ASCLEPIAS TUBEROSA",1,3,NA,NA
"258","cedartrait.us","BAPTISIA ALBA",17.5,NA,11.3333333333333,NA
"259","cedartrait.us","BOUTELOUA CURTIPENDULA",3,3,NA,NA
"260","cedartrait.us","BOUTELOUA GRACILIS",2,1.5,NA,8
"261","cedartrait.us","BROMUS INERMIS",1,NA,NA,NA
"262","cedartrait.us","CHONDROSUM HIRSUTUM",4,NA,NA,NA
"263","cedartrait.us","COREOPSIS PALMATA",17.25,9,25,13
"264","cedartrait.us","DALEA VILLOSA",10.3333333333333,5.75,3.16666666666667,3
"265","cedartrait.us","JUNIPERUS COMMUNIS",NA,80,NA,NA
"266","cedartrait.us","KOELERIA MICRATHERA",2,2.5,5,4
"267","cedartrait.us","LESPEDEZA CAPITATA",5.3,9,2.33333333333333,2.75
"268","cedartrait.us","LIATRIS ASPERA",8.55555555555556,13.5,8.42857142857143,11.8
"269","cedartrait.us","LINARIA VULGARIS",2,2,NA,NA
"270","cedartrait.us","LUPINUS PERENNIS",2,1.6,NA,NA
"271","cedartrait.us","MONARDA FISTULOSA",3,11,2,8
"272","cedartrait.us","PANICUM ACUMINATUM",4,NA,NA,NA
"273","cedartrait.us","PANICUM OLIGOSANTHES",2,3.5,NA,2
"274","cedartrait.us","PANICUM PERLONGUM",1.33333333333333,NA,NA,NA
"275","cedartrait.us","PETALOSTEMON CANDIDUS",1.625,1.5,1,1
"276","cedartrait.us","PETALOSTEMON PURPUREUS",9.1,8.7,5.77777777777778,5.66666666666667
"277","cedartrait.us","POA PALUSTRIS",2,NA,NA,NA
"278","cedartrait.us","POA PRATENSIS",3.11111111111111,3.2,4.125,2.6
"279","cedartrait.us","ROSA ARKANSANA",9,11,12,15
"280","cedartrait.us","RUMEX ACETOSELLA",1,NA,NA,NA
"281","cedartrait.us","SCHIZACHYRIUM SCOPARIUM",9.55555555555556,7.4,10.1111111111111,6
"282","cedartrait.us","SOLIDAGO NEMORALIS",10.1428571428571,12,10,7
"283","cedartrait.us","SOLIDAGO RIGIDA",12.3333333333333,9,20,9
"284","cedartrait.us","SORGHASTRUM NUTANS",6.6,7.5,15,2
"285","cedartrait.us","TARAXACUM CAMPYLODES",1.25,1.33333333333333,NA,5
"286","cedartrait.us","VERBASCUM THAPSUS",2,NA,NA,NA
"287","cerrillos.ar","ARISTIDA MENDOCINA",17.19,20.42,11.67,19.3766666666667
"288","cerrillos.ar","BOUTELOUA ARISTIDOIDES",NA,2.505,12.815,36.565
"289","cerrillos.ar","CORDOBIA ARGENTEA",20.005,6.04333333333333,16.4633333333333,8.75333333333333
"290","cerrillos.ar","DIGITARIA CALIFORNICA",0.63,NA,0.63,NA
"291","cerrillos.ar","ERAGROSTIS ORTHOCLADA",0.63,NA,4.38,0.63
"292","cerrillos.ar","GAYA PARVIFLORA",5,4.38,2.505,1.88
"293","cerrillos.ar","GOUINIA PARAGUAYENSIS",2.505,8.13,2.815,7.5
"294","cerrillos.ar","LARREA DIVARICATA",36.0433333333333,17.0866666666667,32.2933333333333,19.5033333333333
"295","cerrillos.ar","PAPPOPHORUM KRAPOVICKASII",0.63,14.17,0.836666666666667,17.5033333333333
"296","cerrillos.ar","PROSOPIS PUGIONATA",4.38,NA,10,NA
"297","cerrillos.ar","PROSOPIS TORQUATA",3.75,4.38,3.75,NA
"298","cerrillos.ar","SETARIA PAMPEANA",14.1666666666667,10,20.0033333333333,3.75
"299","cerrillos.ar","XEROALOYSIA OVATIFOLIA",0.63,NA,1.255,NA
"300","chacra.ar","BACCHARIS GILLIESII",1.5,1.5,NA,5
"301","chacra.ar","BACCHARIS TENELLA",1.5,1.5,NA,NA
"302","chacra.ar","BACCHARIS ULICINA",1.5,1.5,NA,NA
"303","chacra.ar","EPHEDRA TRIANDRA",1.5,1.5,NA,NA
"304","chacra.ar","HOFFMANNSEGGIA TRIFOLIATA",1.5,1.5,NA,NA
"305","chacra.ar","MARGYRICARPUS PINNATUS",NA,1.5,NA,NA
"306","chacra.ar","MEDICAGO MINIMA",1.5,NA,NA,NA
"307","chacra.ar","NASSELLA LONGIGLUMIS",21.6666666666667,36.6666666666667,50,36.6666666666667
"308","chacra.ar","NASSELLA TENUIS",10.5,5,1,3.5
"309","chacra.ar","PAPPOPHORUM MUCRONULATUM",5,3.25,NA,13
"310","chacra.ar","PIPTOCHAETIUM MONTEVIDENSE",1.5,NA,NA,NA
"311","chacra.ar","POA LIGULARIS",3.83333333333333,1.5,5,1
"312","chacra.ar","SCHINUS JOHNSTONII",1.5,1.5,1,NA
"313","chacra.ar","STIPA PAPPOSA",1.5,NA,NA,NA
"314","chacra.ar","TRICHOCLINE SINUATA",NA,1.5,NA,NA
"315","charleville.au","EMEX AUSTRALIS",NA,1,NA,NA
"316","charleville.au","EREMOPHILA GILESII",41.6666666666667,35,45,46.6666666666667
"317","charleville.au","GOODENIA CYCLOPTERA",1,1,NA,NA
"318","charleville.au","HYPOCHAERIS RADICATA",2,1.66666666666667,NA,NA
"319","charleville.au","KENNEDIA PROCURRENS",NA,1,NA,NA
"320","charleville.au","MEDICAGO LACINIATA",2,NA,NA,NA
"321","charleville.au","SCLEROLAENA ERIACANTHA",1,NA,NA,NA
"322","charleville.au","THYRIDOLEPIS MITCHELLIANA",1,1,NA,NA
"323","charleville.au","TRIPOGON LOLIIFORMIS",1,NA,NA,NA
"324","ciempoz.es","CENTAUREA HYSSOPIFOLIA",NA,2.04,NA,1.5
"325","ciempoz.es","GYPSOPHILA STRUTHIUM",1.08,3.145,4.6725,8.034
"326","ciempoz.es","HELIANTHEMUM SQUAMATUM",0.67,1.1775,5.405,1.51416666666667
"327","ciempoz.es","LEPIDIUM SUBULATUM",16.4085714285714,15.48,15.9407142857143,12.9378571428571
"328","ciempoz.es","THYMUS VULGARIS",8.98,8.71,8.52375,7.91416666666667
"329","cmss.us","ACHILLEA MILLEFOLIUM",NA,20,2,NA
"330","cmss.us","ANTENNARIA MEDIA",NA,11,NA,NA
"331","cmss.us","ASTRAGALUS MISER",2,10,6.33333333333333,2
"332","cmss.us","ELYMUS SPICATUS",27.5,5,12.5,10
"333","cmss.us","EREMOGONE CONGESTA",3.5,25,2,5
"334","cmss.us","ERIGERON OCHROLEUCUS",NA,10,NA,NA
"335","cmss.us","FESTUCA IDAHOENSIS",13.5,5,27.5,25
"336","cmss.us","SEDUM LANCEOLATUM",14,20,2,2
"337","cobar.au","ACTINOBOLE ULIGINOSUM",1,1,NA,NA
"338","cobar.au","ARISTIDA CONTORTA",3,1,NA,NA
"339","cobar.au","BRACHYSCOME CAMPYLOCARPA",20,2,NA,NA
"340","cobar.au","BULBINE BULBOSA",1,1,NA,NA
"341","cobar.au","CALOTIS CYMBACANTHA",1,NA,NA,NA
"342","cobar.au","CALOTIS LAPPULACEA",1,NA,1.33333333333333,1
"343","cobar.au","CRASSULA COLORATA",1.66666666666667,1,NA,NA
"344","cobar.au","CUPHONOTUS HUMISTRATUS",1,NA,NA,NA
"345","cobar.au","EREMOPHILA DUTTONII",1,NA,1,NA
"346","cobar.au","ERODIUM CRINITUM",5,3,NA,NA
"347","cobar.au","GOODENIA CYCLOPTERA",1,2.33333333333333,NA,NA
"348","cobar.au","HORDEUM MURINUM",3,10,NA,NA
"349","cobar.au","HYALOSPERMA SEMISTERILE",43.3333333333333,35,NA,NA
"350","cobar.au","ISOETOPSIS GRAMINIFOLIA",NA,1,NA,NA
"351","cobar.au","MEDICAGO LACINIATA",16.6666666666667,20.6666666666667,NA,NA
"352","cobar.au","PTILOTUS ATRIPLICIFOLIUS",3,1,8.25,1.5
"353","cobar.au","RHODANTHE FLORIBUNDA",1,2,NA,NA
"354","cobar.au","RHODANTHE PYGMAEA",3,2,NA,NA
"355","cobar.au","SCLEROLAENA DIACANTHA",3.33333333333333,5,1,1
"356","cobar.au","STIPA SCABRA",4,1,3.5,12
"357","cobar.au","TRIPOGON LOLIIFORMIS",1,NA,1.5,1
"358","cowidrt.ca","ACMISPON PARVIFLORUS",1,NA,1,1
"359","cowidrt.ca","AIRA CARYOPHYLLEA",2,NA,1,NA
"360","cowidrt.ca","ANTHOXANTHUM ODORATUM",8.5,7.2,3.33333333333333,3.4
"361","cowidrt.ca","BERBERIS NERVOSA",NA,34,NA,50
"362","cowidrt.ca","BROMUS CARINATUS",1,1,NA,NA
"363","cowidrt.ca","BROMUS STERILIS",12,1.5,13,3.33333333333333
"364","cowidrt.ca","CAMASSIA QUAMASH",3,1,3,5
"365","cowidrt.ca","CAREX INOPS",7.5,4,6.25,3
"366","cowidrt.ca","CERASTIUM ARVENSE",1.5,1.5,2,1.5
"367","cowidrt.ca","CERASTIUM GLOMERATUM",3,1,1,1
"368","cowidrt.ca","CYTISUS SCOPARIUS",5.5,5.66666666666667,3,NA
"369","cowidrt.ca","DACTYLIS GLOMERATA",13.8,6.2,6.75,4.25
"370","cowidrt.ca","DELPHINIUM MENZIESII",1.33333333333333,NA,4.5,2
"371","cowidrt.ca","DODECATHEON HENDERSONII",2.33333333333333,2.33333333333333,2.33333333333333,2.66666666666667
"372","cowidrt.ca","ELYMUS GLAUCUS",2,3.66666666666667,NA,6
"373","cowidrt.ca","GALIUM APARINE",1,2.5,1,1
"374","cowidrt.ca","GERANIUM MOLLE",1.5,2,3,3.5
"375","cowidrt.ca","LATHYRUS SPHAERICUS",7,5,2,1.5
"376","cowidrt.ca","LOMATIUM NUDICAULE",2,NA,2,NA
"377","cowidrt.ca","LOMATIUM UTRICULATUM",5,1.33333333333333,9.5,3
"378","cowidrt.ca","MELICA SUBULATA",9.33333333333333,19,8.33333333333333,17.5
"379","cowidrt.ca","MONTIA LINEARIS",3,1.25,NA,NA
"380","cowidrt.ca","MYOSOTIS DISCOLOR",2,1.5,NA,NA
"381","cowidrt.ca","NEMOPHILA PARVIFLORA",1,NA,NA,NA
"382","cowidrt.ca","OEMLERIA CERASIFORMIS",NA,1,NA,NA
"383","cowidrt.ca","POA PRATENSIS",6.2,2.4,3.8,2.8
"384","cowidrt.ca","QUERCUS GARRYANA",3.5,4.5,3,4
"385","cowidrt.ca","RANUNCULUS OCCIDENTALIS",1,1,2,2
"386","cowidrt.ca","SANICULA CRASSICAULIS",2.33333333333333,5,2.5,7.33333333333333
"387","cowidrt.ca","SERICOCARPUS rigidus",2,5,NA,NA
"388","cowidrt.ca","SYMPHORICARPOS ALBUS",16.25,11,10.5,7.8
"389","cowidrt.ca","TEESDALIA NUDICAULIS",NA,1,NA,NA
"390","cowidrt.ca","TRIFOLIUM DUBIUM",2,NA,3,NA
"391","cowidrt.ca","VALERIANA samolifolia",1.33333333333333,5.25,4,13
"392","cowidrt.ca","VALERIANELLA LOCUSTA",1.8,2,1.8,2.5
"393","cowidrt.ca","VERONICA ARVENSIS",1.33333333333333,1.33333333333333,1,1
"394","cowidrt.ca","VICIA HIRSUTA",3.6,3.4,1.8,2.25
"395","cowidrt.ca","VICIA SATIVA",2.8,2.4,1,1.75
"396","credoj.au","CALOTIS HISPIDULA",0.5,0.5,NA,NA
"397","credoj.au","CENTAUREA MELITENSIS",0.5,NA,NA,NA
"398","credoj.au","CEPHALIPTERUM DRUMMONDII",0.5,NA,0.5,0.5
"399","credoj.au","CUSCUTA PLANIFLORA",0.625,1,0.5,0.5
"400","credoj.au","ENNEAPOGON CAERULESCENS",17,16.5,8.4,7.33333333333333
"401","credoj.au","ENNEAPOGON POLYPHYLLUS",10.25,0.75,5.25,NA
"402","credoj.au","ERAGROSTIS DIELSII",5,15,1,NA
"403","credoj.au","ERODIUM AUREUM",0.5,NA,0.5,NA
"404","credoj.au","ERODIUM CICUTARIUM",0.5,NA,NA,NA
"405","credoj.au","EUPHORBIA DRUMMONDII",0.5,NA,NA,0.5
"406","credoj.au","GOODENIA MIMULOIDES",0.5,0.5,0.5,NA
"407","credoj.au","MAIREANA CARNOSA",0.7,0.6,4.8,1.4
"408","credoj.au","MAIREANA SEDIFOLIA",1.4,5.375,1.875,3.4
"409","credoj.au","MAIREANA TRICHOPTERA",0.5,0.5,0.5,0.5
"410","credoj.au","MEDICAGO MINIMA",0.666666666666667,0.5,8,NA
"411","credoj.au","MEDICAGO TRUNCATULA",NA,0.5,NA,NA
"412","credoj.au","PTILOTUS OBOVATUS",1.5,1,2.25,0.75
"413","credoj.au","RYTIDOSPERMA CAESPITOSUM",1,0.7,1.125,2.33333333333333
"414","credoj.au","SALVIA VERBENACA",2.2,0.8,0.6,0.5
"415","credoj.au","SCLEROLAENA OBLIQUICUSPIS",0.5,0.5,0.5,NA
"416","credoj.au","SIDA INTRICATA",1.25,11,NA,0.5
"417","credoj.au","SIDA SPODOCHROMA",NA,0.5,NA,0.5
"418","credoj.au","SONCHUS OLERACEUS",0.5,NA,NA,NA
"419","credoj.au","STIPA NITIDA",0.5,6.83333333333333,0.5,8.5
"420","credoj.au","SWAINSONA AFFINIS",0.5,NA,NA,NA
"421","credoj.au","VITTADINIA EREMAEA",2,1.3,14.1,3.5
"422","credom.au","ARISTIDA CONTORTA",NA,5,NA,0.5
"423","credom.au","CENTAUREA MELITENSIS",0.5,0.5,0.5,NA
"424","credom.au","CEPHALIPTERUM DRUMMONDII",0.5,1,20,1
"425","credom.au","CUSCUTA PLANIFLORA",NA,0.5,0.5,1
"426","credom.au","ENNEAPOGON CAERULESCENS",6.1,1.16666666666667,11,7.5
"427","credom.au","ENNEAPOGON POLYPHYLLUS",1.125,0.75,0.666666666666667,1
"428","credom.au","ERAGROSTIS DIELSII",10.5,1,1.25,0.5
"429","credom.au","ERODIUM AUREUM",0.5,0.5,0.5,NA
"430","credom.au","ERODIUM CICUTARIUM",NA,0.5,NA,NA
"431","credom.au","EUPHORBIA DRUMMONDII",NA,0.5,0.5,0.5
"432","credom.au","GOODENIA MIMULOIDES",0.5,0.5,0.5,0.5
"433","credom.au","MAIREANA CARNOSA",0.5,NA,0.5,0.5
"434","credom.au","MAIREANA SEDIFOLIA",10.1666666666667,1,10.25,1
"435","credom.au","MAIREANA TRICHOPTERA",0.5,0.5,0.5,0.5
"436","credom.au","MEDICAGO MINIMA",0.5,0.5,5.75,2
"437","credom.au","MEDICAGO TRUNCATULA",0.5,NA,NA,NA
"438","credom.au","PASPALIDIUM CLEMENTII",1,0.5,0.5,NA
"439","credom.au","PTILOTUS HOLOSERICEUS",0.5,NA,0.5,NA
"440","credom.au","PTILOTUS OBOVATUS",0.5,0.75,0.5,1.25
"441","credom.au","RYTIDOSPERMA CAESPITOSUM",0.75,0.5,0.625,0.5
"442","credom.au","SALVIA VERBENACA",0.7,1.6,1.4,0.8
"443","credom.au","SCLEROLAENA OBLIQUICUSPIS",NA,0.5,NA,NA
"444","credom.au","SIDA INTRICATA",1,1,NA,NA
"445","credom.au","SONCHUS OLERACEUS",0.5,NA,1,NA
"446","credom.au","STIPA NITIDA",0.75,5.5,0.5,4.125
"447","credom.au","STIPA elegantissima",0.5,NA,0.5,NA
"448","credom.au","VITTADINIA EREMAEA",0.625,0.5,0.5,0.5
"449","credom.au","VITTADINIA HUMERATA",0.5,NA,0.5,NA
"450","ebro.es","BRACHYPODIUM RETUSUM",0.85085,NA,0.863067333,NA
"451","ebro.es","GENISTA SCORPIUS",15.9444926676667,5.190912221,14.5877868876667,5.560632001
"452","ebro.es","GYPSOPHILA STRUTHIUM",NA,4.859880667,NA,2.835730333
"453","ebro.es","HELIANTHEMUM LAVANDULIFOLIUM",1.612688,2.12697955566667,2.534224,2.69166761133333
"454","ebro.es","HELIANTHEMUM MARIFOLIUM",0.817397777666667,0.913100222333333,1.09352405566667,1.18580855566667
"455","ebro.es","HELIANTHEMUM SQUAMATUM",NA,0.434588,NA,0.371756
"456","ebro.es","HELIANTHEMUM VIOLACEUM",NA,0.041888,NA,NA
"457","ebro.es","HELICHRYSUM STOECHAS",0.0270526665,0.1090833335,0.0281435,0.2258025
"458","ebro.es","HELICTOTRICHON GERVAISII",NA,0.085521333,NA,NA
"459","ebro.es","HERNIARIA FRUTICOSA",0.589631778,0.464549555666667,0.857831333333333,0.613775555666667
"460","ebro.es","JUNIPERUS PHOENICEA",0.042760667,0.70686,NA,0.623084
"461","ebro.es","KOELERIA VALLESIANA",NA,0.013962667,NA,NA
"462","ebro.es","LINUM SUFFRUTICOSUM",1.02625600033333,1.37270466666667,2.26493361133333,2.03222250033333
"463","ebro.es","POLYGALA RUPESTRIS",0.0145444446666667,0.125664,0.1915503335,0.494511111333333
"464","ebro.es","ROSMARINUS OFFICINALIS",24.4215766666667,17.9405722233333,24.4980451783333,19.7574642233333
"465","ebro.es","SONCHUS TENERRIMUS",0.070686,NA,NA,NA
"466","ebro.es","TEUCRIUM CAPITATUM",0.564906222333333,0.0728676665,1.13764135133333,0.152425777666667
"467","ebro.es","THYMELAEA TINCTORIA",NA,3.359766667,0.401426667,3.45576
"468","ebro.es","THYMUS VULGARIS",1.79245733333333,1.86081622233333,1.88843358233333,2.00895138866667
"469","elvadrt.ee","ACHILLEA MILLEFOLIUM",5,3.66666666666667,2,6.66666666666667
"470","elvadrt.ee","AGRIMONIA EUPATORIA",NA,1,NA,1
"471","elvadrt.ee","ANTHOXANTHUM ODORATUM",1.66666666666667,7.66666666666667,1.33333333333333,1.5
"472","elvadrt.ee","ARTEMISIA VULGARIS",NA,1,1,NA
"473","elvadrt.ee","BRIZA MEDIA",21.6666666666667,23.3333333333333,23.3333333333333,25
"474","elvadrt.ee","CAMPANULA PATULA",NA,2,NA,1
"475","elvadrt.ee","CERASTIUM ARVENSE",1,1,1,1
"476","elvadrt.ee","DACTYLIS GLOMERATA",16.6666666666667,15,11.6666666666667,11.6666666666667
"477","elvadrt.ee","EQUISETUM ARVENSE",2,1.66666666666667,1,1.33333333333333
"478","elvadrt.ee","FESTUCA PRATENSIS",5,5.5,6.66666666666667,7.33333333333333
"479","elvadrt.ee","FESTUCA RUBRA",1.33333333333333,2,3,3
"480","elvadrt.ee","FRAGARIA VESCA",14.3333333333333,12.5,14,12.3333333333333
"481","elvadrt.ee","HELICTOTRICHON PUBESCENS",4,7.5,1.33333333333333,1.5
"482","elvadrt.ee","HYPERICUM PERFORATUM",1,NA,NA,NA
"483","elvadrt.ee","LATHYRUS PRATENSIS",3,3,20,5
"484","elvadrt.ee","LEONTODON HISPIDUS",13.3333333333333,5.66666666666667,6.33333333333333,4
"485","elvadrt.ee","LINUM CATHARTICUM",NA,1,1,1.5
"486","elvadrt.ee","LUZULA MULTIFLORA",5.66666666666667,6,2,3
"487","elvadrt.ee","MEDICAGO LUPULINA",25,21.6666666666667,7.33333333333333,3
"488","elvadrt.ee","POA ANGUSTIFOLIA",1,1,1,1.5
"489","elvadrt.ee","POTENTILLA ANSERINA",1,6,1,1
"490","elvadrt.ee","RANUNCULUS ACRIS",4.33333333333333,1.66666666666667,2,2
"491","elvadrt.ee","RUMEX ACETOSA",1,1,1,1
"492","elvadrt.ee","STELLARIA GRAMINEA",1.5,2,1,1
"493","elvadrt.ee","TRIFOLIUM PRATENSE",5,NA,2,NA
"494","elvadrt.ee","TRIFOLIUM REPENS",1,15,1,2
"495","elvadrt.ee","VERONICA CHAMAEDRYS",1,1,1,1.5
"496","elvadrt.ee","VICIA CRACCA",6.66666666666667,5,4.33333333333333,1.33333333333333
"497","elvadrt.ee","VICIA SEPIUM",2,2,2.33333333333333,1.66666666666667
"498","esw.ca","AMBROSIA ARTEMISIIFOLIA",NA,1,NA,NA
"499","esw.ca","DAUCUS CAROTA",1,NA,NA,1
"500","esw.ca","ERIGERON ANNUUS",1,1,1,1
"501","esw.ca","MEDICAGO LUPULINA",1,1,2,1.5
"502","esw.ca","POA PRATENSIS",NA,1,NA,NA
"503","esw.ca","SOLIDAGO CANADENSIS",68.3333333333333,60,50,27
"504","esw.ca","SONCHUS ARVENSIS",5,4,3,2
"505","esw.ca","SONCHUS ASPER",3,1,NA,NA
"506","esw.ca","SYMPHYOTRICHUM LANCEOLATUM",12.5,8,3,1
"507","esw.ca","SYMPHYOTRICHUM NOVAE-ANGLIAE",7.5,1,1,1
"508","esw.ca","TARAXACUM TARAXACUM",1,1,1,4.33333333333333
"509","esw.ca","TRIFOLIUM PRATENSE",10.3333333333333,11.6666666666667,3,12.3333333333333
"510","esw.ca","VITIS VULPINA",NA,3,NA,7
"511","ethadb.au","ARISTIDA HOLATHERA",2.75,1.5,14.5,3
"512","ethadb.au","CLEOME VISCOSA",11,NA,NA,NA
"513","ethadb.au","ERIACHNE ARISTIDEA",1.5,4,4,2
"514","ethadb.au","INDIGOFERA COLUTEA",1.4,NA,NA,NA
"515","ethadb.au","OLDENLANDIA PTEROSPORA",NA,3.25,NA,4.25
"516","ethadb.au","PTILOTUS POLYSTACHYUS",2,2.5,NA,21
"517","ethadb.au","TRIODIA BASEDOWII",7,11,36,31.5
"518","ethadb.au","YAKIRRA AUSTRALIENSIS",4,NA,4,1
"519","ethadn.au","ARISTIDA HOLATHERA",NA,4,NA,2.5
"520","ethadn.au","INDIGOFERA COLUTEA",NA,0.1,NA,NA
"521","ethadn.au","TRIODIA BASEDOWII",34.6666666666667,37,49.3333333333333,49.3333333333333
"522","falls.au","ASPERULA GUNNII",0.5,0.5,0.5,NA
"523","falls.au","ASTEROLASIA TRYMALIOIDES",0.5,0.75,0.666666666666667,0.75
"524","falls.au","BRACHYSCOME DECIPIENS",0.666666666666667,NA,0.5,NA
"525","falls.au","CAREX BREVICULMIS",0.5,0.75,0.666666666666667,0.75
"526","falls.au","CAREX HEBES",0.5,0.666666666666667,0.6,0.5
"527","falls.au","CELMISIA COSTINIANA",43.3333333333333,50,43.3333333333333,48.3333333333333
"528","falls.au","CHAEROPHYLLUM ERIOPODUM",0.666666666666667,0.5,0.5,NA
"529","falls.au","CRASPEDIA AURANTIA",2,NA,4,NA
"530","falls.au","ERIGERON BELLIDIOIDES",0.5,1,0.5,1
"531","falls.au","EXOCARPOS NANUS",0.5,NA,NA,NA
"532","falls.au","GREVILLEA AUSTRALIS",1,0.5,1,1
"533","falls.au","HYPOCHAERIS RADICATA",0.666666666666667,0.666666666666667,0.9,0.833333333333333
"534","falls.au","MELICYTUS DENTATUS",0.5,0.5,0.5,NA
"535","falls.au","MICROSERIS LANCEOLATA",NA,1,NA,1
"536","falls.au","PHEBALIUM SQUAMULOSUM",1.33333333333333,0.5,1.33333333333333,1
"537","falls.au","PIMELEA ALPINA",2,0.833333333333333,1.83333333333333,1.16666666666667
"538","falls.au","PLANTAGO EURYPHYLLA",1,0.5,1,1
"539","falls.au","POA HIEMATA",37.5,33.3333333333333,45.8333333333333,41.6666666666667
"540","falls.au","RANUNCULUS VICTORIENSIS",0.5,NA,0.5,NA
"541","falls.au","RUMEX ACETOSELLA",0.583333333333333,0.75,0.833333333333333,0.75
"542","falls.au","RYTIDOSPERMA NUDIFLORUM",2,NA,1,NA
"543","falls.au","TRACHYMENE HUMILIS",5,NA,7,NA
"544","falls.au","TRISETUM SPICATUM",0.5,0.5,0.5,1
"545","falls.au","VIOLA BETONICIFOLIA",0.5,0.5,0.5,0.5
"546","gmgranite.us","ACMISPON STRIGOSUS",2.21428571428571,1.33333333333333,NA,0.5
"547","gmgranite.us","AMSINCKIA TESSELLATA",NA,0.5,0.75,1
"548","gmgranite.us","BROMUS RUBENS",0.5,NA,0.5,0.5
"549","gmgranite.us","CRYPTANTHA CIRCUMSCISSA",0.5,0.5,0.833333333333333,0.625
"550","gmgranite.us","DESCURAINIA PINNATA",NA,1.5,0.5,0.5
"551","gmgranite.us","ERIASTRUM EREMICUM",0.5,NA,NA,NA
"552","gmgranite.us","ERIOGONUM MACULATUM",0.5,0.5,0.5,0.5
"553","gmgranite.us","ERIOPHYLLUM WALLACEI",0.5,NA,0.5,0.5
"554","gmgranite.us","ERODIUM CICUTARIUM",3.14285714285714,2.42857142857143,2.14285714285714,6.71428571428571
"555","gmgranite.us","FILAGO DEPRESSA",0.5,1,NA,NA
"556","gmgranite.us","LEPIDIUM LASIOCARPUM",1,0.5,NA,NA
"557","gmgranite.us","PECTOCARYA HETEROCARPA",1,0.5,3.07142857142857,2.8
"558","gmgranite.us","PECTOCARYA PLATYCARPA",0.5,0.5,NA,0.5
"559","gmgranite.us","PECTOCARYA RECURVATA",0.5,0.5,NA,1.5
"560","gmgranite.us","SCHISMUS BARBATUS",68.8571428571429,65.7142857142857,3.14285714285714,3.71428571428571
"561","gmmolar.us","ACACIA GREGGII",0.5,0.5,NA,NA
"562","gmmolar.us","ACMISPON STRIGOSUS",3.41666666666667,2.77142857142857,NA,NA
"563","gmmolar.us","AMSINCKIA TESSELLATA",0.625,1.375,1,0.75
"564","gmmolar.us","BROMUS RUBENS",0.866666666666667,0.85,1.28571428571429,1.42857142857143
"565","gmmolar.us","CAMISSONIA PALMERI",0.5,0.5,0.5,0.5
"566","gmmolar.us","CENTROSTEGIA THURBERI",0.5,0.5,0.5,0.5
"567","gmmolar.us","CRYPTANTHA CIRCUMSCISSA",0.583333333333333,0.642857142857143,0.5,0.7
"568","gmmolar.us","CRYPTANTHA PTEROCARYA",0.942857142857143,0.666666666666667,0.5,0.6
"569","gmmolar.us","DICHELOSTEMMA CAPITATUM",0.583333333333333,0.5,0.5,0.5
"570","gmmolar.us","ERIASTRUM EREMICUM",0.7,0.5,NA,NA
"571","gmmolar.us","ERIOGONUM MACULATUM",0.5,0.5,0.5,1
"572","gmmolar.us","ERIOGONUM PUSILLUM",NA,0.5,NA,0.5
"573","gmmolar.us","ERIOPHYLLUM WALLACEI",2,2.03333333333333,1.85714285714286,0.571428571428571
"574","gmmolar.us","ERODIUM CICUTARIUM",4.28571428571429,4.92857142857143,1.92857142857143,3.92857142857143
"575","gmmolar.us","EUPHORBIA ALBOMARGINATA",NA,0.5,NA,0.5
"576","gmmolar.us","FILAGO DEPRESSA",0.5,0.5,NA,NA
"577","gmmolar.us","GILIA SINUATA",0.5,NA,NA,NA
"578","gmmolar.us","LEPIDIUM LASIOCARPUM",0.5,0.5,NA,NA
"579","gmmolar.us","LEPTOSIPHON AUREUS",0.5,NA,NA,NA
"580","gmmolar.us","LUPINUS CONCINNUS",0.5,0.5,NA,0.5
"581","gmmolar.us","PECTOCARYA HETEROCARPA",3.04285714285714,1.01666666666667,1.08333333333333,1.75
"582","gmmolar.us","PECTOCARYA PLATYCARPA",1.11666666666667,0.6,0.5,0.5
"583","gmmolar.us","PECTOCARYA RECURVATA",2.18571428571429,1.34285714285714,0.5,1
"584","gmmolar.us","PECTOCARYA SETOSA",1.325,0.625,0.5,NA
"585","gmmolar.us","PLAGIOBOTHRYS ARIZONICUS",0.5,0.5,0.75,0.833333333333333
"586","gmmolar.us","SALVIA COLUMBARIAE",0.5,0.5,NA,NA
"587","gmmolar.us","SCHISMUS BARBATUS",23.4285714285714,24.7142857142857,1,NA
"588","gmmolar.us","STYLOCLINE PSILOCARPHOIDES",0.5,0.5,NA,NA
"589","gmmolar.us","TOXICOSCORDION BREVIBRACTEATUM",NA,0.5,NA,0.5
"590","gmmolar.us","TROPIDOCARPUM GRACILE",0.5,NA,NA,NA
"591","hard.us","ACHILLEA MILLEFOLIUM",NA,6.25,1,2
"592","hard.us","AMELANCHIER ALNIFOLIA",NA,6.25,NA,NA
"593","hard.us","AVENA FATUA",NA,12.5,NA,NA
"594","hard.us","CHRYSOTHAMNUS VISCIDIFLORUS",16.6666666666667,25,9,19
"595","hard.us","PSEUDOROEGNERIA SPICATA",25,34.375,9,1
"596","hard.us","PURSHIA TRIDENTATA",NA,28.125,NA,18
"597","hard.us","TRAGOPOGON DUBIUS",NA,6.25,NA,NA
"598","hoide.de","BETULA PENDULA",1,NA,5,NA
"599","hoide.de","CALLUNA VULGARIS",75,77.5,74.6666666666667,85
"600","hoide.de","CAREX ARENARIA",4.5,3.5,2.66666666666667,1.66666666666667
"601","hoide.de","DESCHAMPSIA FLEXUOSA",3.5,3.5,8.66666666666667,3.66666666666667
"602","hoide.de","EMPETRUM NIGRUM",2,NA,10,NA
"603","hoide.de","SALIX REPENS",1,25,1,15
"604","hyide.de","CALLUNA VULGARIS",80,73.3333333333333,81.6666666666667,65.6666666666667
"605","hyide.de","CAREX ARENARIA",3,3.33333333333333,2,1.33333333333333
"606","hyide.de","DESCHAMPSIA FLEXUOSA",NA,1,1,1
"607","jilpanger.au","ACAENA ECHINATA",1.8,0.5,5.3,0.5
"608","jilpanger.au","AIRA ELEGANTISSIMA",0.75,0.5,0.625,0.5
"609","jilpanger.au","APHELIA PUMILIO",0.5,0.5,0.5,NA
"610","jilpanger.au","ASTROLOMA HUMIFUSUM",0.5,NA,0.5,NA
"611","jilpanger.au","BLENNOSPORA DRUMMONDII",0.5,0.5,0.5,0.5
"612","jilpanger.au","BRACHYSCOME PERPUSILLA",0.6,0.5,0.5,NA
"613","jilpanger.au","BRIZA MINOR",0.5,NA,NA,NA
"614","jilpanger.au","CALADENIA CARNEA",0.5,NA,0.5,NA
"615","jilpanger.au","CALADENIA TENTACULATA",1,NA,0.5,NA
"616","jilpanger.au","CALYTRIX TETRAGONA",1,5.5,0.75,8.5
"617","jilpanger.au","CHAMAESCILLA CORYMBOSA",0.75,0.5,1.75,0.5
"618","jilpanger.au","CHRYSOCEPHALUM APICULATUM",10,1,10,10
"619","jilpanger.au","CRASSULA SIEBERIANA",NA,0.5,NA,NA
"620","jilpanger.au","Centrolepis ARISTATA",0.6,1,0.5,0.5
"621","jilpanger.au","Centrolepis POLYGYNA",0.5,NA,0.5,NA
"622","jilpanger.au","Centrolepis STRIGOSA",0.5,0.5,0.5,0.5
"623","jilpanger.au","DICHOPOGON STRICTUS",0.7,0.666666666666667,0.75,0.833333333333333
"624","jilpanger.au","DROSERA ABERRANS",1.625,0.5,0.5,NA
"625","jilpanger.au","DROSERA GLANDULIGERA",0.5,0.5,0.5,0.5
"626","jilpanger.au","DROSERA HOOKERI",0.75,0.5,0.5,0.5
"627","jilpanger.au","GNEPHOSIS DRUMMONDII",0.5,1,0.5,0.5
"628","jilpanger.au","GOODENIA BLACKIANA",0.5,NA,0.75,NA
"629","jilpanger.au","HYALOSPERMA DEMISSUM",0.5,0.5,0.7,0.5
"630","jilpanger.au","HYDROCOTYLE FOVEOLATA",0.5,0.5,0.5,0.5
"631","jilpanger.au","HYDROCOTYLE SETULOSA",1,NA,0.5,NA
"632","jilpanger.au","HYPOCHAERIS GLABRA",0.7,0.5,0.5,0.5
"633","jilpanger.au","HYPOLAENA FASTIGIATA",NA,0.5,0.5,0.5
"634","jilpanger.au","ISOLEPIS MARGINATA",0.5,0.5,0.5,NA
"635","jilpanger.au","JUNCUS BUFONIUS",0.5,0.5,NA,NA
"636","jilpanger.au","LEPIDOSPERMA CARPHOIDES",5,NA,5,0.5
"637","jilpanger.au","LEPIDOSPERMA CONGESTUM",0.5,0.5,0.5,0.5
"638","jilpanger.au","LEVENHOOKIA DUBIA",0.5,0.5,0.5,NA
"639","jilpanger.au","LOMANDRA COLLINA",NA,0.5,NA,NA
"640","jilpanger.au","LOMANDRA JUNCEA",0.5,0.5,0.5,NA
"641","jilpanger.au","LOMANDRA MICRANTHA",NA,0.5,NA,NA
"642","jilpanger.au","LOMANDRA NANA",0.666666666666667,0.5,0.5,0.666666666666667
"643","jilpanger.au","MICROSERIS SCAPIGERA",0.5,0.5,0.5,0.5
"644","jilpanger.au","MICROTIS ARENARIA",NA,0.5,NA,NA
"645","jilpanger.au","MILLOTIA MUELLERI",0.5,0.5,0.666666666666667,0.5
"646","jilpanger.au","MILLOTIA TENUIFOLIA",0.5,0.5,0.666666666666667,0.5
"647","jilpanger.au","NEURACHNE ALOPECUROIDEA",0.833333333333333,2,0.666666666666667,6.66666666666667
"648","jilpanger.au","PELARGONIUM RODNEYANUM",NA,0.5,0.5,1
"649","jilpanger.au","PENTASCHISTIS AIROIDES",0.5,0.5,NA,NA
"650","jilpanger.au","PIMELEA HUMILIS",1,1,5,0.5
"651","jilpanger.au","PODOSPERMA ANGUSTIFOLIUM",NA,0.5,NA,NA
"652","jilpanger.au","QUINETIA URVILLEI",0.5,0.5,0.5,0.5
"653","jilpanger.au","RANUNCULUS ROBERTSONII",NA,0.5,0.5,0.5
"654","jilpanger.au","ROMULEA ROSEA",0.5,0.5,0.5,0.5
"655","jilpanger.au","SCHOENUS APOGON",0.625,1,0.625,0.5
"656","jilpanger.au","SILOXERUS MULTIFLORUS",0.625,0.5,2,NA
"657","jilpanger.au","STIPA VAGINATA",0.5,0.5,0.5,0.5
"658","jilpanger.au","THYSANOTUS PATERSONII",0.5,NA,0.5,0.5
"659","jilpanger.au","THYSANOTUS TUBEROSUS",0.5,NA,0.5,0.5
"660","jilpanger.au","TRICORYNE TENELLA",0.5,NA,NA,NA
"661","jilpanger.au","VULPIA MYUROS",0.5,1,0.5,0.5
"662","jilpanger.au","WAHLENBERGIA GRACILENTA",0.5,0.5,0.5,NA
"663","jilpanger.au","WAHLENBERGIA STRICTA",0.5,0.5,0.5,0.5
"664","jilpanger.au","WURMBEA DIOICA",0.5,NA,0.5,NA
"665","jorndrt.us","ARISTIDA PURPUREA",NA,4,NA,NA
"666","jorndrt.us","CHONDROSUM ERIOPODUM",39.3333333333333,29.6666666666667,31.6666666666667,27.3333333333333
"667","jorndrt.us","CROTON POTTSII",NA,1,NA,NA
"668","jorndrt.us","DESMANTHUS COOLEYI",NA,1,NA,NA
"669","jorndrt.us","KRAMERIA LANCEOLATA",NA,7,NA,2.6
"670","jorndrt.us","PORTULACA HALIMOIDES",1,NA,NA,NA
"671","jorndrt.us","PROSOPIS GLANDULOSA",8,4,7.33333333333333,3.33333333333333
"672","jorndrt.us","SENNA BAUHINIOIDES",0.75,1,0.2,1.25
"673","jorndrt.us","SPOROBOLUS FLEXUOSUS",1,NA,1.65,12
"674","jrnchi.us","ACLEISANTHES CHENOPODIOIDES",NA,0.8754209,NA,NA
"675","jrnchi.us","ACOURTIA NANA",0.9663452,2.4220811,1.1698078,0.6207045
"676","jrnchi.us","ARISTIDA PURPUREA",2.6915114,0.6081433,1.0141988,NA
"677","jrnchi.us","CHONDROSUM ERIOPODUM",14.49760331,15.41230289,4.50248912,0.781912216666667
"678","jrnchi.us","CROTON POTTSII",4.85079431428571,2.41631066666667,2.71429473333333,1.746526875
"679","jrnchi.us","ERIOGONUM ANNUUM",1.3568186,0.85997535,0.4830918,NA
"680","jrnchi.us","ERIOGONUM CORYMBOSUM",NA,0.334672,NA,NA
"681","jrnchi.us","EUPHORBIA SERRULA",NA,0.524629466666667,NA,NA
"682","jrnchi.us","GUTIERREZIA SAROTHRAE",NA,1.44816085,NA,2.4305556
"683","jrnchi.us","PHEMERANTHUS AURANTIACUS",0.0685871,0.1368925,NA,NA
"684","jrnchi.us","PHYSALIS HEDERIFOLIA",0.69929288,0.41075845,0.44768225,0.0687285
"685","jrnchi.us","PROSOPIS GLANDULOSA",19.93100379,20.85139756,23.87850584,25.76329583
"686","jrnchi.us","SENNA BAUHINIOIDES",NA,0.832799533333333,NA,0.5442177
"687","jrnchi.us","SOLANUM ELAEAGNIFOLIUM",0.1380262,NA,0.210084,NA
"688","jrnchi.us","SPOROBOLUS CRYPTANDRUS",NA,0.6194087,NA,NA
"689","jrnchi.us","ZINNIA GRANDIFLORA",0.8350731,NA,0.8403361,NA
"690","kernb.ca","ACHILLEA MILLEFOLIUM",1,2,1.33333333333333,2.66666666666667
"691","kernb.ca","AGROSTIS SCABRA",3.5,2.33333333333333,3,1.33333333333333
"692","kernb.ca","ANDROSACE SEPTENTRIONALIS",0.5,0.5,0.5,0.5
"693","kernb.ca","ANEMONE PATENS",1.25,NA,0.75,NA
"694","kernb.ca","ARTEMISIA ABSINTHIUM",0.5,NA,3,NA
"695","kernb.ca","ARTEMISIA FRIGIDA",2.16666666666667,0.5,32,6.66666666666667
"696","kernb.ca","ARTEMISIA LUDOVICIANA",1,12.5,1,3
"697","kernb.ca","ASTRAGALUS FLEXUOSUS",NA,2,NA,4
"698","kernb.ca","CAMPANULA ROTUNDIFOLIA",NA,1,NA,0.5
"699","kernb.ca","CARDUUS NUTANS",1.25,0.5,NA,NA
"700","kernb.ca","CERASTIUM ARVENSE",2,0.5,2.5,1.25
"701","kernb.ca","CIRSIUM ARVENSE",0.5,3.75,NA,NA
"702","kernb.ca","ELYMUS TRACHYCAULUS",0.5,3,0.5,7
"703","kernb.ca","FESTUCA ALTAICA",10.3333333333333,6.33333333333333,9,22.3333333333333
"704","kernb.ca","GALIUM BOREALE",5,NA,8,0.5
"705","kernb.ca","HEUCHERA RICHARDSONII",NA,0.5,NA,NA
"706","kernb.ca","LACTUCA TATARICA",0.5,2,2,1.25
"707","kernb.ca","MUHLENBERGIA RICHARDSONIS",2,NA,3,NA
"708","kernb.ca","ORTHOCARPUS LUTEUS",0.5,0.5,NA,NA
"709","kernb.ca","POA PRATENSIS",NA,5.25,22.6666666666667,18.3333333333333
"710","kernb.ca","ROSA ARKANSANA",0.75,2.5,1,5.66666666666667
"711","kernb.ca","SOLIDAGO MISSOURIENSIS",0.5,NA,0.75,1
"712","kernb.ca","SONCHUS ARVENSIS",1.5,0.833333333333333,1,1.25
"713","kernb.ca","STIPA CURTISETA",6.5,0.5,2.33333333333333,1
"714","kernb.ca","SYMPHYOTRICHUM ERICOIDES",2,0.5,5,2
"715","kernb.ca","TARAXACUM TARAXACUM",0.666666666666667,1,0.833333333333333,0.5
"716","kernb.ca","TRAGOPOGON DUBIUS",NA,0.75,NA,NA
"717","kernb.ca","VICIA AMERICANA",0.5,0.5,0.5,1
"718","kernnu.ca","ACHILLEA MILLEFOLIUM",0.5,NA,0.5,NA
"719","kernnu.ca","AGROSTIS SCABRA",NA,1,NA,NA
"720","kernnu.ca","ARTEMISIA FRIGIDA",2,NA,2,NA
"721","kernnu.ca","ARTEMISIA LUDOVICIANA",1,2,0.75,3
"722","kernnu.ca","ASTRAGALUS FLEXUOSUS",NA,0.5,NA,0.833333333333333
"723","kernnu.ca","CAMPANULA ROTUNDIFOLIA",0.5,0.5,0.5,0.5
"724","kernnu.ca","CERASTIUM ARVENSE",NA,0.5,0.5,0.75
"725","kernnu.ca","CIRSIUM ARVENSE",1.5,2.66666666666667,2.66666666666667,0.75
"726","kernnu.ca","ELYMUS TRACHYCAULUS",0.833333333333333,3,3.25,1.83333333333333
"727","kernnu.ca","FESTUCA ALTAICA",10.3333333333333,11,48.3333333333333,28.3333333333333
"728","kernnu.ca","GALIUM BOREALE",2,8,1,8
"729","kernnu.ca","HELICTOTRICHON HOOKERI",0.5,NA,NA,NA
"730","kernnu.ca","LACTUCA TATARICA",1,NA,0.75,NA
"731","kernnu.ca","POA PRATENSIS",NA,0.5,10,5
"732","kernnu.ca","ROSA ARKANSANA",1,2.5,1,9.25
"733","kernnu.ca","SOLIDAGO MISSOURIENSIS",0.5,NA,0.5,NA
"734","kernnu.ca","SONCHUS ARVENSIS",1.16666666666667,2,14,7.16666666666667
"735","kernnu.ca","STIPA CURTISETA",3.16666666666667,2.83333333333333,1,6
"736","kernnu.ca","SYMPHYOTRICHUM ERICOIDES",1,NA,2,NA
"737","kernnu.ca","TARAXACUM TARAXACUM",1.16666666666667,1.16666666666667,1,1.16666666666667
"738","kernnu.ca","VICIA AMERICANA",0.5,NA,0.666666666666667,1
"739","kiskun.hu","ALKANNA TINCTORIA",3.66666666666667,1.83333333333333,NA,NA
"740","kiskun.hu","ARENARIA SERPYLLIFOLIA",0.505,NA,0.01,0.01
"741","kiskun.hu","ARTEMISIA CAMPESTRIS",5.25,2.25,7,3
"742","kiskun.hu","BASSIA LANIFLORA",1.45,0.5525,0.125,0.0575
"743","kiskun.hu","CAREX LIPAROCARPOS",NA,1,NA,0.5
"744","kiskun.hu","CENTAUREA ARENARIA",2.375,0.5,1.6,NA
"745","kiskun.hu","CONYZA CANADENSIS",0.375,0.66,NA,NA
"746","kiskun.hu","CREPIS FOETIDA",0.602,0.9,0.01,NA
"747","kiskun.hu","DIANTHUS SEROTINUS",1.5,3.25,8,3.5
"748","kiskun.hu","EUPHORBIA SEGUIERIANA",5,3.102,1.2,3
"749","kiskun.hu","FESTUCA VAGINATA",12,10.2,17.4,17.6
"750","kiskun.hu","FUMANA PROCUMBENS",7,4,6.83333333333333,3.25
"751","kiskun.hu","HOLOSTEUM UMBELLATUM",0.01,0.01,0.702,0.04
"752","kiskun.hu","LINARIA GENISTIFOLIA",1,NA,NA,NA
"753","kiskun.hu","MEDICAGO MINIMA",0.01,NA,0.1,0.01
"754","kiskun.hu","MINUARTIA GLOMERATA",0.75,2,0.2,0.07
"755","kiskun.hu","POLYGONUM ARENARIUM",1.402,1.2,0.124,0.028
"756","kiskun.hu","SALSOLA KALI",0.01,0.01,NA,NA
"757","kiskun.hu","SECALE SYLVESTRE",0.436666666666667,1.175,0.0325,0.146
"758","kiskun.hu","SILENE CONICA",0.01,NA,NA,NA
"759","kiskun.hu","SILENE OTITES",NA,1.15,NA,1
"760","kiskun.hu","STIPA PENNATA",9.6,8.8,8.4,6.2
"761","kiskun.hu","SYRENIA CANA",0.17,0.25,0.1,0.15
"762","konzadrt.us","AMBROSIA PSILOSTACHYA",6.6,13,21.6,11.8
"763","konzadrt.us","AMORPHA CANESCENS",NA,5,NA,NA
"764","konzadrt.us","ANDROPOGON GERARDII",43.2,41,50,53.6
"765","konzadrt.us","ARTEMISIA LUDOVICIANA",1,1,2,1
"766","konzadrt.us","BOUTELOUA CURTIPENDULA",18,21.5,2,3.5
"767","konzadrt.us","ERAGROSTIS SPECTABILIS",9,1.66666666666667,NA,NA
"768","konzadrt.us","PANICUM VIRGATUM",1,NA,NA,NA
"769","konzadrt.us","SORGHASTRUM NUTANS",11.5,5.33333333333333,6,8.25
"770","konzadrt.us","SPOROBOLUS COMPOSITUS",14.8,17.2,NA,NA
"771","konzadrt.us","SYMPHYOTRICHUM ERICOIDES",43,29.6,36.6,35
"772","konzadrt.us","SYMPHYOTRICHUM OBLONGIFOLIUM",8,NA,2,NA
"773","konzadrt.us","TRIDENS FLAVUS",NA,2,NA,1
"774","kranz.de","FAGUS SYLVATICA",50,50,50,50
"775","kranz.de","PICEA ABIES",50,50,50,50
"776","lygraint.no","AGROSTIS CANINA",1,1,1,1
"777","lygraint.no","AGROSTIS CAPILLARIS",2,1,1,1
"778","lygraint.no","ANTHOXANTHUM ODORATUM",1,1,1,NA
"779","lygraint.no","BLECHNUM SPICANT",NA,1,NA,NA
"780","lygraint.no","CALLUNA VULGARIS",81.6666666666667,68.3333333333333,84,78.3333333333333
"781","lygraint.no","CAREX ECHINATA",1,1,NA,1
"782","lygraint.no","CAREX NIGRA",1,1,2,NA
"783","lygraint.no","CAREX PANICEA",NA,2,NA,3
"784","lygraint.no","CAREX PILULIFERA",1,NA,2,1.66666666666667
"785","lygraint.no","CORNUS SUECICA",NA,1,NA,1
"786","lygraint.no","DACTYLORHIZA MACULATA",2,1,1,NA
"787","lygraint.no","DESCHAMPSIA FLEXUOSA",4,3.5,NA,1
"788","lygraint.no","EMPETRUM NIGRUM",1.5,3,6,2
"789","lygraint.no","ERICA TETRALIX",8,6,5.5,5.5
"790","lygraint.no","ERIOPHORUM ANGUSTIFOLIUM",2,2,NA,NA
"791","lygraint.no","FESTUCA VIVIPARA",1,1,3,2
"792","lygraint.no","GALIUM SAXATILE",1,1,3,1
"793","lygraint.no","HYLOCOMIUM SPLENDENS",27.3333333333333,40.5,7.66666666666667,27.3333333333333
"794","lygraint.no","HYPNUM JUTLANDICUM",55,51.6666666666667,45.3333333333333,37
"795","lygraint.no","JUNIPERUS COMMUNIS",1,NA,NA,NA
"796","lygraint.no","LOTUS CORNICULATUS",1,NA,2,NA
"797","lygraint.no","LUZULA MULTIFLORA",1,1,NA,NA
"798","lygraint.no","LUZULA PILOSA",2,1,1,NA
"799","lygraint.no","LYSIMACHIA EUROPAEA",3,2.5,2,1
"800","lygraint.no","MOLINIA CAERULEA",1,1,1,6
"801","lygraint.no","PEDICULARIS SYLVATICA",1,NA,NA,1
"802","lygraint.no","PLEUROZIUM SCHREBERI",10.6666666666667,7.66666666666667,24.6666666666667,8
"803","lygraint.no","POLYTRICHUM COMMUNE",6.33333333333333,1.33333333333333,10.3333333333333,2.66666666666667
"804","lygraint.no","POTENTILLA ERECTA",3,3,2.66666666666667,2.33333333333333
"805","lygraint.no","RHYTIDIADELPHUS LOREUS",2,5.66666666666667,1,1
"806","lygraint.no","RHYTIDIADELPHUS SQUARROSUS",4,1.33333333333333,1.5,2
"807","lygraint.no","TRICHOPHORUM CESPITOSUM",4.66666666666667,7.66666666666667,6.5,11
"808","lygraint.no","VACCINIUM MYRTILLUS",2,2,5,2
"809","lygraint.no","VACCINIUM ULIGINOSUM",1,1,2,1
"810","lygraint.no","VACCINIUM VITIS-IDAEA",12.6666666666667,9.33333333333333,13,7
"811","lygraold.no","AGROSTIS CANINA",NA,1,NA,2
"812","lygraold.no","AVENELLA FLEXUOSA",1.33333333333333,3,3,25
"813","lygraold.no","CALLUNA VULGARIS",70,70,66.6666666666667,83.3333333333333
"814","lygraold.no","CAREX ECHINATA",1.5,4,NA,1
"815","lygraold.no","CAREX NIGRA",6.33333333333333,4,6.66666666666667,7.33333333333333
"816","lygraold.no","EMPETRUM NIGRUM",4.5,3,6.5,4.5
"817","lygraold.no","ERICA TETRALIX",7,6,10.5,10
"818","lygraold.no","ERIOPHORUM ANGUSTIFOLIUM",NA,1,1,1
"819","lygraold.no","ERIOPHORUM VAGINATUM",2.33333333333333,4,NA,12
"820","lygraold.no","HYLOCOMIUM SPLENDENS",23.3333333333333,23.6666666666667,17.3333333333333,40
"821","lygraold.no","HYPNUM JUTLANDICUM",55,53.3333333333333,53.3333333333333,45
"822","lygraold.no","JUNCUS SQUARROSUS",2,1,1,NA
"823","lygraold.no","JUNIPERUS COMMUNIS",1,1,2,NA
"824","lygraold.no","LUZULA MULTIFLORA",1,NA,1,NA
"825","lygraold.no","MOLINIA CAERULEA",6,6,8,1.5
"826","lygraold.no","NARTHECIUM OSSIFRAGUM",NA,1,NA,3
"827","lygraold.no","PLEUROZIUM SCHREBERI",12.3333333333333,15,14,2.33333333333333
"828","lygraold.no","POLYTRICHUM COMMUNE",4,3,1,5
"829","lygraold.no","POTENTILLA ERECTA",5,2.33333333333333,3,3
"830","lygraold.no","PSEUDOSCLEROPODIUM PURUM",1,1,NA,NA
"831","lygraold.no","RHYTIDIADELPHUS LOREUS",2,2,4,3
"832","lygraold.no","RHYTIDIADELPHUS SQUARROSUS",2,1.66666666666667,1,1
"833","lygraold.no","SORBUS AUCUPARIA",1,1,NA,2
"834","lygraold.no","TRICHOPHORUM CESPITOSUM",4,7,12.5,12.5
"835","lygraold.no","TRIENTALIS EUROPEA",1,1,1,1
"836","lygraold.no","VACCINIUM MYRTILLUS",2,8,3,15
"837","lygraold.no","VACCINIUM ULIGINOSUM",1,1,1,3.5
"838","lygraold.no","VACCINIUM VITIS-IDAEA",4.66666666666667,9,4.33333333333333,10.3333333333333
"839","marcdrt.ar","ACMELLA DECUMBENS",2.33333333333333,NA,3,1
"840","marcdrt.ar","AGROSTIS MONTEVIDENSIS",20,25,8,5.5
"841","marcdrt.ar","AMBROSIA TENUIFOLIA",18.25,6.25,1.33333333333333,1
"842","marcdrt.ar","ANAGALLIS ARVENSIS",NA,2,NA,NA
"843","marcdrt.ar","BOTHRIOCHLOA LAGUROIDES",2,1,NA,NA
"844","marcdrt.ar","BRIZA MINOR",1.5,4,NA,NA
"845","marcdrt.ar","BROMUS CATHARTICUS",10.3333333333333,1.66666666666667,9.75,15
"846","marcdrt.ar","CALAMAGROSTIS VIRIDIFLAVESCENS",2,NA,NA,NA
"847","marcdrt.ar","CARDUUS ACANTHOIDES",2,1,NA,NA
"848","marcdrt.ar","CAREX PHALAROIDES",3,NA,1,1
"849","marcdrt.ar","CAREX SORORIA",1,1.66666666666667,1,1
"850","marcdrt.ar","CENTAURIUM PULCHELLUM",1,3.5,NA,NA
"851","marcdrt.ar","CYCLOSPERMUM LEPTOPHYLLUM",2,2,NA,NA
"852","marcdrt.ar","ERIGERON BONARIENSIS",1,1.5,NA,NA
"853","marcdrt.ar","ERYNGIUM EBRACTEATUM",2,NA,1.5,NA
"854","marcdrt.ar","ERYNGIUM ECHINATUM",2,NA,NA,NA
"855","marcdrt.ar","FESTUCA ARUNDINACEA",46.6666666666667,29,60,71.25
"856","marcdrt.ar","GNAPHALIUM AMERICANUM",1,1,NA,NA
"857","marcdrt.ar","HORDEUM PUSILLUM",2.33333333333333,1.66666666666667,1.5,1
"858","marcdrt.ar","HYDROCOTYLE BONARIENSIS",1,1.66666666666667,1.5,2.33333333333333
"859","marcdrt.ar","JUNCUS IMBRICATUS",1.33333333333333,1.25,1,2
"860","marcdrt.ar","JUNCUS MICROCEPHALUS",NA,2,1.5,NA
"861","marcdrt.ar","LATHYRUS CRASSIPES",2,6.66666666666667,7,1
"862","marcdrt.ar","LOLIUM MULTIFLORUM",11.5,NA,NA,NA
"863","marcdrt.ar","LYTHRUM HYSSOPIFOLIA",NA,1,NA,NA
"864","marcdrt.ar","MEDICAGO LUPULINA",2,3,NA,NA
"865","marcdrt.ar","MELILOTUS OFFICINALIS",8,1,NA,1
"866","marcdrt.ar","PHYLA NODIFLORA",2,NA,NA,5
"867","marcdrt.ar","PLANTAGO MYOSUROS",NA,1.5,1,NA
"868","marcdrt.ar","POA LANIGERA",5.25,4.66666666666667,10,2.75
"869","marcdrt.ar","SENECIO SELLOI",NA,1,NA,1
"870","marcdrt.ar","SISYRINCHIUM PLATENSE",1.5,4,1,NA
"871","marcdrt.ar","SOLIDAGO CHILENSIS",NA,3,NA,NA
"872","marcdrt.ar","SPARTINA DENSIFLORA",18.75,18,15,23
"873","marcdrt.ar","STENOTAPHRUM SECUNDATUM",3,2,1.5,2
"874","marcdrt.ar","VERONICA PEREGRINA",25,17,NA,NA
"875","matador.ca","ACHILLEA MILLEFOLIUM",0.75,0.5,0.5,1
"876","matador.ca","AGOSERIS GLAUCA",0.5,0.5,NA,NA
"877","matador.ca","ARTEMISIA FRIGIDA",2.33333333333333,2.16666666666667,2,1.33333333333333
"878","matador.ca","ASTRAGALUS FLEXUOSUS",NA,0.5,NA,NA
"879","matador.ca","CERASTIUM ARVENSE",2.25,0.5,3.5,0.75
"880","matador.ca","COMANDRA UMBELLATA",1.5,2.5,5.25,3.5
"881","matador.ca","GALIUM BOREALE",5,1,16.5,NA
"882","matador.ca","KOELERIA MACRANTHA",1.25,2,1.83333333333333,2.5
"883","matador.ca","KRASCHENINNIKOVIA LANATA",1.5,8,5.33333333333333,21
"884","matador.ca","LINUM RIGIDUM",0.5,0.5,1,1
"885","matador.ca","NASSELLA VIRIDULA",10.6666666666667,7.33333333333333,22.6666666666667,18.6666666666667
"886","matador.ca","PASCOPYRUM SMITHII",3.33333333333333,6.66666666666667,3.66666666666667,5.33333333333333
"887","matador.ca","PHLOX HOODII",NA,0.5,NA,NA
"888","matador.ca","RATIBIDA COLUMNIFERA",0.75,1,NA,0.5
"889","matador.ca","SYMPHYOTRICHUM ERICOIDES",1,1,1,1
"890","matador.ca","VICIA AMERICANA",0.5,0.5,0.5,0.5
"891","mattheis.ca","AGROSTIS SCABRA",3.5,3,5,3
"892","mattheis.ca","ARTEMISIA FRIGIDA",32,21,15,17.6
"893","mattheis.ca","BOUTELOUA GRACILIS",15.4,18,25,26
"894","mattheis.ca","GAURA COCCINEA",1,2.33333333333333,4.33333333333333,3.5
"895","mattheis.ca","HESPEROSTIPA COMATA",16,21.25,20,21
"896","mattheis.ca","KOELERIA MACRANTHA",5.5,12.3333333333333,23.75,10
"897","mattheis.ca","LITHOSPERMUM INCISUM",10,1.5,5.5,10
"898","mattheis.ca","SYMPHYOTRICHUM ERICOIDES",1,1.5,15,NA
"899","mattheis.ca","TRAGOPOGON DUBIUS",1,1,3.8,1
"900","milparinka.au","ABUTILON HALOPHILUM",12.5,3,12.5,3
"901","milparinka.au","ASTREBLA LAPPACEA",25,17.5,21,21
"902","milparinka.au","ASTREBLA PECTINATA",19,25,21,21
"903","milparinka.au","CALOTIS PORPHYROGLOSSA",2,1,NA,NA
"904","milparinka.au","CHRYSOCEPHALUM APICULATUM",6,3,NA,NA
"905","milparinka.au","COTULA AUSTRALIS",NA,1,NA,NA
"906","milparinka.au","ERAGROSTIS SETIFOLIA",1,1,NA,NA
"907","milparinka.au","ERODIUM CRINITUM",NA,2,NA,NA
"908","milparinka.au","HARMSIODOXA BLENNODIOIDES",NA,3,NA,NA
"909","milparinka.au","MINURIA DENTICULATA",3,3,NA,NA
"910","milparinka.au","RHODANTHE FLORIBUNDA",4.66666666666667,6.66666666666667,NA,NA
"911","milparinka.au","RHODANTHE PYGMAEA",NA,2,NA,NA
"912","milparinka.au","SCLEROLAENA DIACANTHA",1,NA,3,2
"913","milparinka.au","SCLEROLAENA ERIACANTHA",1,10,NA,NA
"914","milparinka.au","SCLEROLAENA TRICUSPIS",1.5,NA,NA,NA
"915","milparinka.au","SOLANUM ELLIPTICUM",1,NA,NA,NA
"916","milparinka.au","TRIPOGON LOLIIFORMIS",1,NA,NA,NA
"917","naposta.ar","AVENA BARBATA",5,5,15,20
"918","naposta.ar","BACCHARIS ULICINA",1,NA,1,1
"919","naposta.ar","BROMUS CATHARTICUS",13.3333333333333,16.6666666666667,15,NA
"920","naposta.ar","DIPLOTAXIS TENUIFOLIA",2.33333333333333,1,5,5.33333333333333
"921","naposta.ar","ERIGERON BLAKEI",1,1,1,10
"922","naposta.ar","LOLIUM MULTIFLORUM",NA,1,NA,NA
"923","naposta.ar","NASSELLA NEESIANA",68.3333333333333,57.5,50,36.6666666666667
"924","naposta.ar","NASSELLA TRICHOTOMA",10,16.6666666666667,20,25
"925","naposta.ar","OXALIS CONORRHIZA",NA,1,NA,1
"926","naposta.ar","STIPA CAUDATA",10,10,NA,NA
"927","nnss.us","ACAMPTOPAPPUS SHOCKLEYI",3.0864198,1.4285714,1.5120275,1.3774105
"928","nnss.us","AMBROSIA DUMOSA",9.93746907,8.48419605,7.60434813,4.71178322
"929","nnss.us","AMSINCKIA TESSELLATA",1.28853131666667,1.52343265714286,2.58048512,0.6739395
"930","nnss.us","BROMUS RUBENS",0.319339488888889,0.4770241,2.98615225,0.48253192
"931","nnss.us","BROMUS TECTORUM",0.9656297375,1.142075,4.38977668,0.882379228571429
"932","nnss.us","CHAENACTIS FREMONTII",2.24174178,3.23854468,3.77588768888889,1.48180165
"933","nnss.us","CHORIZANTHE BREVICORNU",1.19583637,0.6628863,1.08313428,0.30563745
"934","nnss.us","CHORIZANTHE RIGIDA",0.296333533333333,0.0681663,0.3472222,0.2061856
"935","nnss.us","CHYLISMIA CLAVIFORMIS",0.2020202,0.1612391,0.2053388,0.2083333
"936","nnss.us","CRYPTANTHA CIRCUMSCISSA",0.19404304,0.41422252,1.06477779,0.27386215
"937","nnss.us","CRYPTANTHA INTERMEDIA",0.273154155555556,0.5408999,1.08326798571429,0.5414678
"938","nnss.us","CRYPTANTHA MICRANTHA",NA,0.154321,NA,NA
"939","nnss.us","CRYPTANTHA PTEROCARYA",0.64898376,0.22843085,NA,NA
"940","nnss.us","DESCURAINIA PINNATA",0.696307383333333,1.3852380625,0.640719866666667,0.433464428571429
"941","nnss.us","EPHEDRA NEVADENSIS",3.05210544285714,3.263065075,2.65797925,2.308466225
"942","nnss.us","ERIOGONUM MACULATUM",1.5137421,0.3792902,1.56298824285714,0.6872779
"943","nnss.us","ERIOPHYLLUM PRINGLEI",0.58499523,0.4966975,1.57694249,0.154395725
"944","nnss.us","EUPHORBIA ALBOMARGINATA",0.2968668,NA,NA,NA
"945","nnss.us","GILIA BRECCIARUM",0.378193233333333,0.840660185714286,NA,NA
"946","nnss.us","GRAYIA SPINOSA",5.146001,2.58690782,6.9210625,3.24872212
"947","nnss.us","LARREA TRIDENTATA",15.55434442,13.27009487,13.51947492,10.55421877
"948","nnss.us","LOESELIASTRUM SCHOTTII",0.0685167,0.27351615,0.389588285714286,0.0687285
"949","nnss.us","LYCIUM PALLIDUM",4.6258503,2.680278,5.1748451,2.77988473333333
"950","nnss.us","MALACOTHRIX GLABRATA",0.729655566666667,1.3735589,1.1655389,1.41346643
"951","nnss.us","MENTZELIA ASPERA",2.34398205714286,2.874968975,2.61675768333333,0.27565495
"952","nnss.us","MONOPTILON BELLIDIFORME",0.1191883,0.13729085,0.1546705,0.3436426
"953","nnss.us","NAMA ARETIOIDES",0.283584533333333,0.75338592,0.39203624,NA
"954","nnss.us","OXYTHECA PERFOLIATA",0.89137666,0.766761557142857,2.028706325,1.34504748333333
"955","nnss.us","RAFINESQUIA NEOMEXICANA",0.1346801,0.50410455,NA,NA
"956","nnss.us","SCHISMUS ARABICUS",0.3067008,0.25714855,2.27615137,0.320392533333333
"957","nnss.us","VULPIA OCTOFLORA",0.2073287,0.13819435,NA,NA
"958","nplatte.us","AGROPYRON CRISTATUM",NA,2,NA,NA
"959","nplatte.us","ARTEMISIA FRIGIDA",13.5,2,30,NA
"960","nplatte.us","ARTEMISIA TRIDENTATA",NA,25,10,NA
"961","nplatte.us","BOUTELOUA GRACILIS",32.5,21,7.57142857142857,20.8
"962","nplatte.us","BROMUS TECTORUM",13.2,40.3333333333333,6.33333333333333,14.1428571428571
"963","nplatte.us","CAREX FILIFOLIA",36.125,41.875,14,18.125
"964","nplatte.us","OPUNTIA POLYACANTHA",25,NA,NA,30
"965","nplatte.us","POA SECUNDA",NA,11,2,2
"966","nplatte.us","SPHAERALCEA COCCINEA",2,2,2,NA
"967","octc.us","ARTEMISIA TRIDENTATA",16.81173785,18.96621009,16.27758363,16.77924463
"968","octc.us","CERATOCEPHALA TESTICULATA",1.17351,1.41641812857143,2.81872347777778,1.1921839
"969","octc.us","ELYMUS ELYMOIDES",1.1684448,0.970887933333333,0.818374925,0.5475702
"970","octc.us","POA SECUNDA",33.00967403,28.77115968,16.50442414,14.82465954
"971","octc.us","VULPIA MICROSTACHYS",0.17305365,0.7749216,NA,NA
"972","oreaa.us","ALLIUM ACUMINATUM",0.5,NA,NA,1
"973","oreaa.us","ARTEMISIA ARBUSCULA",26.3333333333333,30.6,13.8333333333333,12.2
"974","oreaa.us","BLEPHARIPAPPUS SCABER",0.7,0.7,0.9,0.6
"975","oreaa.us","BROMUS JAPONICUS",0.625,2.25,0.5,0.5
"976","oreaa.us","COLLINSIA PARVIFLORA",NA,0.5,0.5,0.5
"977","oreaa.us","DANTHONIA CALIFORNICA",NA,12.5,NA,8.16666666666667
"978","oreaa.us","ELYMUS ELYMOIDES",3,6.9,3.75,7.7
"979","oreaa.us","EPILOBIUM BRACHYCARPUM",0.8,1,1.5,0.9
"980","oreaa.us","EREMOGONE CONGESTA",0.5,1,NA,0.5
"981","oreaa.us","ERIGERON BLOOMERI",4.625,2.25,5,2.25
"982","oreaa.us","ERIOGONUM SPHAEROCEPHALUM",3.5,2.125,2.25,2.75
"983","oreaa.us","FESTUCA IDAHOENSIS",16.5,6.9,7.7,9.1
"984","oreaa.us","IDAHOA SCAPIGERA",NA,0.5,NA,NA
"985","oreaa.us","LACTUCA SERRIOLA",0.5,NA,NA,NA
"986","oreaa.us","NAVARRETIA INTERTEXTA SSP. PROPINQUA",0.833333333333333,1.25,0.75,0.833333333333333
"987","oreaa.us","NOTHOCALAIS TROXIMOIDES",2,1,3.5,1.83333333333333
"988","oreaa.us","PACKERA CANA",25.5,0.5,15.5,NA
"989","oreaa.us","PERIDERIDIA OREGANA",1,0.5,NA,NA
"990","oreaa.us","PHLOX HOODII",2.25,1.375,3.5,1.625
"991","oreaa.us","SEDUM STENOPETALUM",2.66666666666667,2.875,3.5,2.875
"992","oreaa.us","TRIFOLIUM MACROCEPHALUM",0.5,0.5,1,3.5
"993","oreaa.us","VENTENATA DUBIA",1.3,2,5.8,8.75
"994","oreac.us","ACHILLEA MILLEFOLIUM",4.83333333333333,0.666666666666667,2.66666666666667,1.83333333333333
"995","oreac.us","ACMISPON AMERICANUS",0.75,2,0.5,2
"996","oreac.us","ARTEMISIA ARBUSCULA",20.5,NA,10.5,NA
"997","oreac.us","ARTEMISIA CANA",30,52.5,21.25,34.5
"998","oreac.us","BLEPHARIPAPPUS SCABER",NA,10.5,NA,NA
"999","oreac.us","BROMUS JAPONICUS",15.7,58.5,3,13.1
"1000","oreac.us","COLLINSIA PARVIFLORA",0.5,NA,0.7,0.6
"1001","oreac.us","COLLOMIA GRANDIFLORA",1.66666666666667,3.5,2,2.25
"1002","oreac.us","COLLOMIA LINEARIS",0.5,0.5,NA,NA
"1003","oreac.us","CORDYLANTHUS RAMOSUS",3.5,NA,NA,NA
"1004","oreac.us","ELYMUS ELYMOIDES",17,2.875,7,5.83333333333333
"1005","oreac.us","EPILOBIUM BRACHYCARPUM",2.5,1.5,1.5,1.5
"1006","oreac.us","FESTUCA IDAHOENSIS",12.3,3.5,11.1,13.75
"1007","oreac.us","GILIA MINIMA",NA,0.5,NA,NA
"1008","oreac.us","NAVARRETIA INTERTEXTA SSP. PROPINQUA",NA,0.5,NA,NA
"1009","oreac.us","PERIDERIDIA OREGANA",0.6,0.8,4.9,3.8
"1010","oreac.us","POA SECUNDA",10.5,1,3.5,3.5
"1011","oreac.us","TRIFOLIUM MACROCEPHALUM",NA,1,NA,0.5
"1012","oreac.us","VENTENATA DUBIA",2,NA,3.83333333333333,1
"1013","paike.ar","ACAENA PINNATIFIDA",NA,1,NA,1
"1014","paike.ar","ACAENA POEPPIGIANA",1,1,1,1
"1015","paike.ar","ADESMIA LOTOIDES",1,NA,1,NA
"1016","paike.ar","AGROSTIS INCONSPICUA",1,1,1,1
"1017","paike.ar","ARJONA TUBEROSA",NA,1,NA,1
"1018","paike.ar","ARMERIA MARITIMA",1,1,1,1
"1019","paike.ar","AZORELLA FUEGIANA",1,1.5,1,1.5
"1020","paike.ar","AZORELLA MONANTHA",1,1,1,1
"1021","paike.ar","BROMUS SETIFOLIUS",NA,2.5,NA,2.5
"1022","paike.ar","CAREX ANDINA",5.33333333333333,3.66666666666667,6,3.66666666666667
"1023","paike.ar","CERASTIUM ARVENSE",1,1,1,1
"1024","paike.ar","CLINOPODIUM DARWINII",1,1,1,1
"1025","paike.ar","COLOBANTHUS LYCOPODOIDES",2,1.5,2,1.5
"1026","paike.ar","DESCHAMPSIA CESPITOSA",1,1,1,1
"1027","paike.ar","ERIGERON PATAGONICUS",NA,1,NA,1
"1028","paike.ar","FESTUCA PYROGEA",8.33333333333333,5.33333333333333,9,5.66666666666667
"1029","paike.ar","HYPOCHAERIS INCANA",NA,1,NA,1
"1030","paike.ar","JUNELLIA ODONELLII",1,1,1,1
"1031","paike.ar","LATHYRUS NERVOSUS",NA,1,NA,1
"1032","paike.ar","LEUCHERIA PURPUREA",1,1,1,1
"1033","paike.ar","LUZULA CHILENSIS",2,1.5,2,1.5
"1034","paike.ar","NARDOPHYLLUM BRYOIDES",6.66666666666667,6.33333333333333,6.66666666666667,6.33333333333333
"1035","paike.ar","NASSAUVIA ACULEATA",1,1,1,1
"1036","paike.ar","NASSAUVIA DARWINII",1,1,1,1
"1037","paike.ar","OXALIS ENNEAPHYLLA",1,1,1,1
"1038","paike.ar","PEREZIA RECURVATA",3,4.33333333333333,3,4.33333333333333
"1039","paike.ar","POA SPICIFORMIS",15,12.6666666666667,15.3333333333333,12.3333333333333
"1040","paike.ar","POLYGALA DARWINIANA",NA,1,NA,1
"1041","paike.ar","RYTIDOSPERMA VIRESCENS",2.5,4.5,3.5,4.5
"1042","paike.ar","SENECIO LASEGUEI",1,NA,1,NA
"1043","paike.ar","SENECIO MISER",1,1,1,1
"1044","paike.ar","STIPA SPECIOSA",21.3333333333333,27,21.6666666666667,27
"1045","passogavia.it","AGROSTIS RUPESTRIS",1.54,0.8,2.5,1.7
"1046","passogavia.it","ALCHEMILLA PENTAPHYLLEA",32.6,48.6,35,53.8
"1047","passogavia.it","ANTHOXANTHUM ODORATUM",0.01,NA,0.1,NA
"1048","passogavia.it","CAREX CURVULA",47.6,47.4,40.6,42
"1049","passogavia.it","EUPHRASIA MINIMA",0.1125,0.0233333333333333,0.0125,0.01
"1050","passogavia.it","FESTUCA HALLERI",0.4,1,0.3,2
"1051","passogavia.it","GNAPHALIUM SUPINUM",0.055,0.1,0.0533333333333333,0.075
"1052","passogavia.it","HELICTOTRICHON VERSICOLOR",NA,2,NA,2.5
"1053","passogavia.it","HIERACIUM PILIFERUM",0.2,NA,0.2,NA
"1054","passogavia.it","LEUCANTHEMOPSIS ALPINA",2.302,1.38,0.844,0.46
"1055","passogavia.it","LIGUSTICUM MUTELLINA",14.5,30,12,46
"1056","passogavia.it","OREOCHLOA DISTICHA",5.5,0.75,5.5,0.275
"1057","passogavia.it","PERSICARIA VIVIPARA",1.025,0.02,1.05,0.1
"1058","passogavia.it","PHLEUM ALPINUM",NA,0.3,NA,0.2
"1059","passogavia.it","PHYTEUMA HEMISPHAERICUM",2,1.7,2.4,2.3
"1060","passogavia.it","POA ALPINA",1.5,4.002,2,3.16
"1061","passogavia.it","POTENTILLA AUREA",1.83333333333333,NA,2.83333333333333,NA
"1062","passogavia.it","PRIMULA GLUTINOSA",0.6,0.4,0.98,0.75
"1063","passogavia.it","SALIX HERBACEA",1.40333333333333,0.9,0.703333333333333,0.55
"1064","passogavia.it","SCORZONEROIDES HELVETICA",3.2,1.8,3.96,1.8
"1065","passogavia.it","SOLDANELLA PUSILLA",16.7,20.6,10.08,13.6
"1066","passogavia.it","TARAXACUM ALPINUM",NA,0.3,NA,0.2
"1067","purdue.us","ALCHEMILLA IDAEUS",10.6666666666667,18.25,28,37.5
"1068","purdue.us","ANDROPOGON GERARDII",27.375,27.375,18.75,26.6666666666667
"1069","purdue.us","DESMODIUM ILLINOENSE",10.5714285714286,17,13,19.75
"1070","purdue.us","EUTHAMIA GRAMINIFOLIA",6.375,3.33333333333333,13,25
"1071","purdue.us","HELIOPSIS HELIANTHOIDES",1,NA,NA,NA
"1072","purdue.us","LOTUS CORNICULATUS",36.25,30.5,10,NA
"1073","purdue.us","RUDBECKIA HIRTA",2,2,NA,NA
"1074","purdue.us","SOLIDAGO CANADENSIS",28.125,37.75,78.75,72.5
"1075","purdue.us","SOLIDAGO SPECIOSA",19,11,5,NA
"1076","purdue.us","SYMPHYOTRICHUM NOVAE-ANGLIAE",14.8571428571429,10.75,16.7142857142857,16.6666666666667
"1077","purdue.us","SYMPHYOTRICHUM PILOSUM",9.2,7.25,7.2,7.5
"1078","quilpie.au","ABUTILON HALOPHILUM",21.6666666666667,18.3333333333333,5.66666666666667,5
"1079","quilpie.au","CALOTIS HISPIDULA",1.5,1,NA,NA
"1080","quilpie.au","CENTIPEDA CUNNINGHAMII",8,12.5,4,3.33333333333333
"1081","quilpie.au","ERAGROSTIS SETIFOLIA",1.5,2.66666666666667,2,2
"1082","quilpie.au","ERODIUM CRINITUM",1,NA,NA,NA
"1083","quilpie.au","EUPHORBIA DRUMMONDII",1,1,NA,NA
"1084","quilpie.au","GLYCINE CANESCENS",1,1,NA,NA
"1085","quilpie.au","GOODENIA CYCLOPTERA",1,1,NA,NA
"1086","quilpie.au","HYPOCHAERIS RADICATA",15,NA,NA,NA
"1087","quilpie.au","RHODANTHE FLORIBUNDA",1,5,NA,NA
"1088","quilpie.au","SCLEROLAENA DIACANTHA",3,6,3,3
"1089","quilpie.au","THYRIDOLEPIS MITCHELLIANA",1.66666666666667,1.33333333333333,NA,NA
"1090","quilpie.au","TRIPOGON LOLIIFORMIS",1.5,1,1,NA
"1091","rhijn.nl","ACHILLEA MILLEFOLIUM",1,NA,1,NA
"1092","rhijn.nl","AGRIMONIA EUPATORIA",1,NA,NA,NA
"1093","rhijn.nl","AGROSTIS GIGANTEA",4,2,NA,NA
"1094","rhijn.nl","ALLIUM VINEALE",1,1,NA,NA
"1095","rhijn.nl","ANTHOXANTHUM ODORATUM",6.66666666666667,6.66666666666667,8.75,NA
"1096","rhijn.nl","ARRHENATHERUM ELATIUS",11.8333333333333,6.33333333333333,8.33333333333333,20
"1097","rhijn.nl","BRIZA MEDIA",1,NA,NA,NA
"1098","rhijn.nl","CENTAUREA JACEA",1,25,7,6.5
"1099","rhijn.nl","CERASTIUM FONTANUM",1,1,1,NA
"1100","rhijn.nl","CYNOSURUS CRISTATUS",3.66666666666667,3,5,NA
"1101","rhijn.nl","DACTYLIS GLOMERATA",7,7,15.8333333333333,20
"1102","rhijn.nl","EQUISETUM ARVENSE",2,NA,NA,NA
"1103","rhijn.nl","FESTUCA PRATENSIS",1,2,NA,NA
"1104","rhijn.nl","FESTUCA RUBRA",43.3333333333333,36.6666666666667,40,25
"1105","rhijn.nl","GALIUM MOLLUGO",22,19.6666666666667,25.8333333333333,25
"1106","rhijn.nl","HOLCUS LANATUS",5.33333333333333,5,8.4,6.66666666666667
"1107","rhijn.nl","JACOBAEA VULGARIS",1,1,2,NA
"1108","rhijn.nl","JUNCUS CONGLOMERATUS",1,NA,NA,NA
"1109","rhijn.nl","LATHYRUS PRATENSIS",4,NA,NA,1
"1110","rhijn.nl","LEUCANTHEMUM VULGARE",6,4,1,1
"1111","rhijn.nl","LOTUS CORNICULATUS",1,NA,10,NA
"1112","rhijn.nl","LUZULA MULTIFLORA",1,NA,NA,NA
"1113","rhijn.nl","LYSIMACHIA NUMMULARIA",NA,20,NA,2
"1114","rhijn.nl","PHLEUM PRATENSE",1,NA,NA,NA
"1115","rhijn.nl","PLANTAGO LANCEOLATA",12.5,10,5.83333333333333,4
"1116","rhijn.nl","POA PRATENSIS",5,4,NA,NA
"1117","rhijn.nl","POTENTILLA REPTANS",7,3,8,22.5
"1118","rhijn.nl","PRUNELLA VULGARIS",1,NA,1.5,2
"1119","rhijn.nl","RANUNCULUS ACRIS",2.6,2,3,3
"1120","rhijn.nl","RUMEX ACETOSA",1,NA,1.25,1.5
"1121","rhijn.nl","TARAXACUM TARAXACUM",2,1,1.5,1
"1122","rhijn.nl","TRIFOLIUM PRATENSE",2,2,1,1
"1123","rhijn.nl","VERONICA CHAMAEDRYS",3.66666666666667,10.6666666666667,2,4
"1124","rhijn.nl","VERONICA FILIFORMIS",1,NA,NA,NA
"1125","sand.us","ARISTIDA STRICTA",14,23.3333333333333,26.6666666666667,27
"1126","sand.us","CARPHEPHORUS BELLIDIFOLIUS",NA,11,7,10
"1127","sand.us","CHAMAECRISTA FASCICULATA",10,11.5,NA,NA
"1128","sand.us","CHRYSOPSIS MARIANA",2.5,14,6,26.5
"1129","sand.us","DESMODIUM ROTUNDIFOLIUM",NA,10.5,NA,5
"1130","sand.us","DIOSPYROS VIRGINIANA",3,1,1,NA
"1131","sand.us","EUPATORIUM ROTUNDIFOLIUM",NA,2,NA,1
"1132","sand.us","EUPHORBIA PUBENTISSIMA",12,8,3.66666666666667,5
"1133","sand.us","GALACTIA REGULARIS",NA,4,NA,16
"1134","sand.us","IONACTIS LINARIIFOLIA",10,5,NA,1
"1135","sand.us","LESPEDEZA HIRTA",21,NA,1,NA
"1136","sand.us","LIATRIS COKERI",7,2,26,14
"1137","sand.us","MORELLA CERIFERA",5,NA,1,1
"1138","sand.us","PANICUM ACUMINATUM",7,6,NA,NA
"1139","sand.us","PANICUM LAXIFLORUM",3,NA,NA,NA
"1140","sand.us","PARTHENIUM INTEGRIFOLIUM",4,20,4,5
"1141","sand.us","PINUS PALUSTRIS",1,6,1.66666666666667,3.66666666666667
"1142","sand.us","PITYOPSIS ASPERA",9,9,6,12.6666666666667
"1143","sand.us","PTERIDIUM AQUILINUM",23.3333333333333,14,21.3333333333333,4.5
"1144","sand.us","QUERCUS INCANA",16,NA,13,NA
"1145","sand.us","QUERCUS MARGARETTIAE",NA,4,NA,NA
"1146","sand.us","RHUS COPALLINUM",NA,3,NA,6
"1147","sand.us","ROBINIA HISPIDA",NA,3,NA,3.5
"1148","sand.us","SASSAFRAS ALBIDUM",NA,3,NA,3
"1149","sand.us","SCHIZACHYRIUM SCOPARIUM",6,7.5,14,9
"1150","sand.us","SERICOCARPUS ASTEROIDES",2,3,2,1
"1151","sand.us","SEYMERIA CASSIOIDES",NA,2,NA,NA
"1152","sand.us","STYLOSANTHES BIFLORA",2,NA,NA,NA
"1153","sand.us","SYMPHYOTRICHUM WALTERI",12,12,13,NA
"1154","sand.us","TEPHROSIA VIRGINIANA",NA,1,NA,NA
"1155","sand.us","VACCINIUM TENELLUM",12.3333333333333,10.5,15.6666666666667,23.5
"1156","sclaudio.ar","ACMELLA DECUMBENS",NA,1,0.25,NA
"1157","sclaudio.ar","CONIUM MACULATUM",NA,0.25,NA,NA
"1158","sclaudio.ar","CYNODON DACTYLON",NA,1,2.33333333333333,1
"1159","sclaudio.ar","FESTUCA ARUNDINACEA",94.75,100,68.75,78.75
"1160","sclaudio.ar","PASPALUM DILATATUM",3,1,1,NA
"1161","sclaudio.ar","PASPALUM QUADRIFARIUM",20,NA,20,NA
"1162","sclaudio.ar","SORGHUM HALEPENSE",5.33333333333333,5.83333333333333,10,15.25
"1163","scruzh.us","ANAGALLIS ARVENSIS",2.3255814,NA,4.516493875,5.6818182
"1164","scruzh.us","AVENA BARBATA",0.877193,2.173913,1.5998551,NA
"1165","scruzh.us","BRACHYPODIUM DISTACHYON",39.4736842,1.4084507,NA,2.4691358
"1166","scruzh.us","BRIZA MAXIMA",7.50628706,18.0385227,26.74486566,39.30012252
"1167","scruzh.us","BROMUS HORDEACEUS",NA,1.4084507,2.6345738,2.76928305
"1168","scruzh.us","CARDUUS PYCNOCEPHALUS",34.8837209,4.3478261,NA,NA
"1169","scruzh.us","CHLOROGALUM POMERIDIANUM",NA,1.4084507,NA,2.4691358
"1170","scruzh.us","CIRSIUM VULGARE",NA,1.0752688,NA,NA
"1171","scruzh.us","DANTHONIA CALIFORNICA",29.33366554,34.76109185,NA,15.1898734
"1172","scruzh.us","ELYMUS GLAUCUS",2.3255814,NA,NA,NA
"1173","scruzh.us","HOLCUS LANATUS",1.86827473333333,2.90954463333333,13.7898687,14.5281933
"1174","scruzh.us","LINUM BIENNE",1.03356376666667,1.66123983333333,3.6585366,6.29785905
"1175","scruzh.us","PLANTAGO LANCEOLATA",4.53320762,4.8785782,11.96570875,22.2222222
"1176","scruzh.us","SISYRINCHIUM BELLUM",NA,1.65074223333333,1.2195122,1.8340046
"1177","scruzh.us","STIPA PULCHRA",35.4581353666667,41.73103135,27.69133725,8.2963652
"1178","scruzh.us","VULPIA MYUROS",4.8543689,33.4950132666667,29.6485841333333,4.135648425
"1179","scruzl.us","AVENA BARBATA",41,30.6,5.47244596666667,1.2195122
"1180","scruzl.us","BROMUS DIANDRUS",36.2,55.6,11.6161616,1.2195122
"1181","scruzl.us","BROMUS HORDEACEUS",3,3,1.0204082,NA
"1182","scruzl.us","CARDUUS PYCNOCEPHALUS",1.25,1,8.79587136666667,20.12987015
"1183","scruzl.us","CIRSIUM VULGARE",2,NA,NA,14.6156689
"1184","scruzl.us","GERANIUM DISSECTUM",2.8,2.8,20.95602862,3.79926223333333
"1185","scruzl.us","LOLIUM PERENNE",4,1,8.35844886666667,3.0194805
"1186","scruzl.us","MEDICAGO POLYMORPHA",9.4,2.5,NA,NA
"1187","scruzl.us","RAPHANUS SATIVUS",3.5,5.6,34.96364396,61.0981501
"1188","scruzl.us","RUMEX CRISPUS",NA,2,NA,NA
"1189","scruzl.us","VICIA SATIVA",NA,2,NA,NA
"1190","scruzl.us","VULPIA MYUROS",6,6,31.556947675,22.72727275
"1191","scruzm.us","AVENA BARBATA",86.6924611,81.37091954,75.91367574,66.17974404
"1192","scruzm.us","BRACHYPODIUM DISTACHYON",2.3809524,1.95238095,1.0416667,1.8348624
"1193","scruzm.us","BRIZA MAXIMA",6.44743045,9.40757406666667,2.45535715,3.6697248
"1194","scruzm.us","BROMUS DIANDRUS",6.35743175,1.5048119,2.25851305,2.1978022
"1195","scruzm.us","CARDUUS PYCNOCEPHALUS",1.7424088,2.76846785,6.8493151,7.11889028
"1196","scruzm.us","CONVOLVULUS ARVENSIS",NA,1.9047619,NA,1.0989011
"1197","scruzm.us","ERODIUM BOTRYS",1.1627907,NA,NA,NA
"1198","scruzm.us","ESCHSCHOLZIA CALIFORNICA",2.27999152,2.15223665,7.29629878,4.35033026666667
"1199","scruzm.us","GERANIUM DISSECTUM",2.8,2.8,3.57737056666667,2.92613635
"1200","scruzm.us","LOLIUM PERENNE",1.1904762,NA,3.6458333,1.8181818
"1201","scruzm.us","MEDICAGO POLYMORPHA",9.4,2.5,NA,NA
"1202","scruzm.us","RAPHANUS SATIVUS",1.17663345,4.9528809,7.44020726,20.57703828
"1203","scruzm.us","VICIA SATIVA",1.78152906666667,1.6889139,1.58466315,NA
"1204","sevblack.us","ALLIONIA INCARNATA",1.5,NA,9,NA
"1205","sevblack.us","ASTRAGALUS MISSOURIENSIS",NA,0.5,NA,NA
"1206","sevblack.us","CHONDROSUM ERIOPODUM",19.4071428571429,22.1428571428571,18.0928571428571,7.42857142857143
"1207","sevblack.us","EUPHORBIA EXSTIPULATA",0.5,NA,NA,NA
"1208","sevblack.us","EUPHORBIA LATA",0.5,3.48333333333333,0.5,0.5
"1209","sevblack.us","EUPHORBIA SERPYLLIFOLIA",NA,0.5,NA,NA
"1210","sevblack.us","GUTIERREZIA SAROTHRAE",6.125,13.5,18.25,20
"1211","sevblack.us","GUTIERREZIA SPHAEROCEPHALA",0.5,NA,NA,NA
"1212","sevblack.us","HOFFMANNSEGGIA DREPANOCARPA",0.5,0.5,0.5,0.5
"1213","sevblack.us","KALLSTROEMIA PARVIFLORA",0.5,0.5,NA,NA
"1214","sevblack.us","KRASCHENINNIKOVIA CERATOIDES",NA,1.5,NA,NA
"1215","sevblack.us","LESQUERELLA FENDLERI",NA,4,NA,NA
"1216","sevblack.us","MACHAERANTHERA PINNATIFIDA",0.5,NA,2.83333333333333,NA
"1217","sevblack.us","MUHLENBERGIA ARENICOLA",1,3.75,1,1
"1218","sevblack.us","OPUNTIA PHAEACANTHA",0.5,NA,11,NA
"1219","sevblack.us","SALSOLA KALI",NA,6.25,4.05,0.65
"1220","sevblack.us","SCLEROPOGON BREVIFOLIUS",4.1,0.75,1.95,NA
"1221","sevblack.us","SOLANUM ELAEAGNIFOLIUM",NA,1.75,NA,0.5
"1222","sevblack.us","SPHAERALCEA POLYCHROMA",NA,3,NA,NA
"1223","sevblack.us","SPOROBOLUS CONTRACTUS",NA,2.75,NA,NA
"1224","sevblack.us","SPOROBOLUS CRYPTANDRUS",NA,0.5,NA,NA
"1225","sevblack.us","TIDESTROMIA LANUGINOSA",0.5,NA,NA,NA
"1226","sevblue.us","CHONDROSUM ERIOPODUM",2.975,20,1.65,4.80833333333333
"1227","sevblue.us","CHONDROSUM GRACILE",20.8071428571429,16.7142857142857,14.3442857142857,9.42857142857143
"1228","sevblue.us","ECHINOMASTUS INTERTEXTUS",0.75,0.5,NA,NA
"1229","sevblue.us","EUPHORBIA ALBOMARGINATA",0.5,0.5,NA,NA
"1230","sevblue.us","EUPHORBIA SERPYLLIFOLIA",0.5,NA,NA,NA
"1231","sevblue.us","SPHAERALCEA HASTULATA",NA,0.5,2,NA
"1232","sevblue.us","SPOROBOLUS FLEXUOSUS",NA,0.5,NA,NA
"1233","sevmixed.us","CHONDROSUM ERIOPODUM",12.6928571428571,19.1785714285714,11.4142857142857,7.34285714285714
"1234","sevmixed.us","CHONDROSUM GRACILE",7.83333333333333,6.8,4.975,1.65
"1235","sevmixed.us","GUTIERREZIA SAROTHRAE",NA,1.66666666666667,NA,1
"1236","sevmixed.us","HILARIA JAMESII",5.4,6.925,3.31428571428571,0.85
"1237","sevmixed.us","HOFFMANNSEGGIA DREPANOCARPA",1,0.5,NA,NA
"1238","sevmixed.us","MACHAERANTHERA PINNATIFIDA",0.833333333333333,0.5,0.5,0.5
"1239","sevmixed.us","POMARIA JAMESII",2,NA,NA,NA
"1240","sevmixed.us","SOLANUM ELAEAGNIFOLIUM",1.375,0.5,0.5,0.5
"1241","sevmixed.us","SPHAERALCEA HASTULATA",1,NA,0.5,NA
"1242","sevmixed.us","YUCCA GLAUCA",2,NA,NA,NA
"1243","spvdrt.ar","CARDIONEMA RAMOSISSIMUM",1,1,1,1.66666666666667
"1244","spvdrt.ar","ERODIUM CICUTARIUM",1,NA,2,1
"1245","spvdrt.ar","GALIUM RICHARDIANUM",1,1,1,7
"1246","spvdrt.ar","HORDEUM MURINUM",NA,1,NA,3
"1247","spvdrt.ar","HYPOCHAERIS RADICATA",1,1,2.66666666666667,3
"1248","spvdrt.ar","NASSELLA TENUIS",2,1.66666666666667,15.6666666666667,16.6666666666667
"1249","spvdrt.ar","NOTICASTRUM SERICEUM",1,1,1,4
"1250","spvdrt.ar","PANICUM URVILLEANUM",2,1.5,3,2.5
"1251","spvdrt.ar","PAPPOSTIPA SPECIOSA",2,1,1.5,1.33333333333333
"1252","spvdrt.ar","PLANTAGO PATAGONICA",1,1,2,1
"1253","spvdrt.ar","POA LANUGINOSA",1,1,NA,NA
"1254","spvdrt.ar","SCHISMUS BARBATUS",1,1,2.33333333333333,1.33333333333333
"1255","spvdrt.ar","SPOROBOLUS RIGENS",1,3,5.66666666666667,16
"1256","spvdrt.ar","VULPIA BROMOIDES",1.33333333333333,1,2,1
"1257","teshio.jp","ANTHOXANTHUM ODORATUM",12.9,12.75,16.6666666666667,14.5
"1258","teshio.jp","ARTEMISIA INDICA",NA,4,NA,25
"1259","teshio.jp","CALAMAGROSTIS EPIGEIOS",61.6666666666667,53.5,60.3,57.1
"1260","teshio.jp","EQUISETUM ARVENSE",1,4,4,5.5
"1261","teshio.jp","GERANIUM THUNBERGII",2,1,8,4.5
"1262","teshio.jp","JUNCUS EFFUSUS",2,45,3,8
"1263","teshio.jp","PHALARIS ARUNDINACEA",40,10,25,12.5
"1264","teshio.jp","PHRAGMITES AUSTRALIS",22,3,65,37.5
"1265","teshio.jp","PILOSELLA AURANTIACA",NA,2,NA,2
"1266","teshio.jp","POLYGONUM THUNBERGII",30,4,12.5,6.25
"1267","teshio.jp","RANUNCULUS REPENS",5,2,7,5
"1268","teshio.jp","STELLARIA GRAMINEA",1.75,2,3.66666666666667,4.75
"1269","teshio.jp","TARAXACUM TARAXACUM",1.25,1,5,NA
"1270","ukulingadrt.za","ACALYPHA ANGUSTATA",3,NA,NA,2
"1271","ukulingadrt.za","AFROASTER HISPIDA",NA,1,3,7
"1272","ukulingadrt.za","AGATHISANTHEMUM CHLOROPHYLLUM",NA,1,NA,NA
"1273","ukulingadrt.za","BRACHIARIA SERRATA",25,NA,4,NA
"1274","ukulingadrt.za","CEPHALARIA PUNGENS",1.66666666666667,2,15.75,7
"1275","ukulingadrt.za","CHAETACANTHUS BURCHELLII",1.66666666666667,3.33333333333333,2.66666666666667,7.5
"1276","ukulingadrt.za","COMMELINA AFRICANA",NA,3,1.5,1
"1277","ukulingadrt.za","CRABBEA HIRSUTA",2,4.5,NA,NA
"1278","ukulingadrt.za","CYANOTIS SPECIOSA",NA,1,NA,NA
"1279","ukulingadrt.za","CYMBOPOGON CAESIUS",9,12,8.16666666666667,6.5
"1280","ukulingadrt.za","CYMBOPOGON NARDUS",18,NA,NA,NA
"1281","ukulingadrt.za","DIHETEROPOGON AMPLECTENS",8,10.6666666666667,3,5
"1282","ukulingadrt.za","ERIOSEMA CORDATUM",6,4.33333333333333,13.5,2
"1283","ukulingadrt.za","GRADERIA SCABRA",NA,1,NA,2
"1284","ukulingadrt.za","HELICHRYSUM MICONIIFOLIUM",1,NA,NA,NA
"1285","ukulingadrt.za","HELICHRYSUM NUDIFOLIUM",1,NA,NA,4
"1286","ukulingadrt.za","HERMANNIA GRANDISTIPULA",NA,1,NA,NA
"1287","ukulingadrt.za","HETEROPOGON CONTORTUS",11.5,9,NA,6
"1288","ukulingadrt.za","HIBISCUS AETHIOPICUS",1.66666666666667,3,4.66666666666667,4.66666666666667
"1289","ukulingadrt.za","INDIGOFERA HILARIS",1,3,5,15
"1290","ukulingadrt.za","KOHAUTIA AMATYMBICA",1,NA,2,NA
"1291","ukulingadrt.za","POLYGALA HOTTENTOTTA",NA,1,2,NA
"1292","ukulingadrt.za","RHYNCHOSIA COOPERI",2,NA,NA,NA
"1293","ukulingadrt.za","SCABIOSA COLUMBARIA",3,3,NA,3.75
"1294","ukulingadrt.za","SEBAEA SEDOIDES var. SCHOENLANDII",1,NA,NA,NA
"1295","ukulingadrt.za","SENECIO BUPLEUROIDES",3,2,8.16666666666667,7.33333333333333
"1296","ukulingadrt.za","SENECIO CORONATUS",1.5,2,7.5,3
"1297","ukulingadrt.za","SETARIA NIGRIROSTRIS",NA,4.5,40,30
"1298","ukulingadrt.za","SPERMACOCE NATALENSIS",1,NA,14,5
"1299","ukulingadrt.za","STACHYS KUNTZEI",NA,2,NA,NA
"1300","ukulingadrt.za","THEMEDA TRIANDRA",31.6666666666667,30,11.3333333333333,15
"1301","ukulingadrt.za","THUNBERGIA ATRIPLICIFOLIA",3,3.5,11.5,35
"1302","ukulingadrt.za","TRISTACHYA LEUCOTHRIX",46.6666666666667,42,30.5,46.6666666666667
"1303","yarradrt.au","AXONOPUS FISSIFOLIUS",5.475,5.4,4,NA
"1304","yarradrt.au","COMMELINA CYANEA",2.17,NA,2,2
"1305","yarradrt.au","CYNODON DACTYLON",62.625,55.925,51.25,47.5
"1306","yarradrt.au","DICHELACHNE CRINITA",0.1,NA,1,1
"1307","yarradrt.au","EHRHARTA STIPOIDES",8.47,35.45,10.75,61.25
"1308","yarradrt.au","ERAGROSTIS CURVULA",10.25,NA,8.5,NA
"1309","yarradrt.au","HYPOCHAERIS RADICATA",14.565,7.96666666666667,1,1
"1310","yarradrt.au","KYLLINGA ODORATA",0.3,0.55,1.5,1.25
"1311","yarradrt.au","LOTUS CORNICULATUS",1.94333333333333,0.75,2,1
"1312","yarradrt.au","PLANTAGO LANCEOLATA",1.85,1.15,1,NA
"1313","yarradrt.au","SENECIO MADAGASCARIENSIS",0.5,0.3,2,15
"1314","yarradrt.au","SETARIA PARVIFLORA",7.36,20.3333333333333,21.25,3.33333333333333
"1315","allmendb.ch","MEDICAGO LUPULINA",NA,NA,1,0.25
"1316","allmendb.ch","POLYGALA VULGARIS",NA,NA,2,1.41666666666667
"1317","allmendb.ch","TARAXACUM TARAXACUM",NA,NA,0.5,NA
"1318","allmendo.ch","GYPSOPHILA REPENS",NA,NA,0.25,0.5
"1319","allmendo.ch","MEDICAGO LUPULINA",NA,NA,0.25,NA
"1320","baddrt.de","ACER PLATANOIDES",NA,NA,2,NA
"1321","baddrt.de","ECHINOPS SPHAEROCEPHALUS",NA,NA,NA,0.2
"1322","baddrt.de","FESTUCA RUPICOLA",NA,NA,0.05,NA
"1323","baddrt.de","HYPOCHAERIS RADICATA",NA,NA,0.2,1
"1324","baddrt.de","LEUCANTHEMUM VULGARE",NA,NA,0.8,NA
"1325","baddrt.de","LOLIUM PERENNE",NA,NA,NA,0.05
"1326","baddrt.de","PLANTAGO LANCEOLATA",NA,NA,0.05,0.3
"1327","baddrt.de","SENECIO LEUCANTHEMIFOLIUS",NA,NA,NA,0.01
"1328","baddrt.de","SONCHUS OLERACEUS",NA,NA,0.3275,0.1
"1329","baddrt.de","VICIA SATIVA",NA,NA,15,NA
"1330","biddulph.ca","CAMPANULA ROTUNDIFOLIA",NA,NA,NA,4
"1331","biddulph.ca","CERASTIUM ARVENSE",NA,NA,NA,2
"1332","biddulph.ca","CHONDROSUM GRACILE",NA,NA,2,NA
"1333","biddulph.ca","ELYMUS SMITHII",NA,NA,NA,0.5
"1334","biddulph.ca","HELICTOTRICHON HOOKERI",NA,NA,5,5
"1335","biddulph.ca","KOELERIA MACRANTHA",NA,NA,0.75,1
"1336","biddulph.ca","LIATRIS PUNCTATA",NA,NA,NA,1
"1337","brokenh.au","ACACIA TETRAGONOPHYLLA",NA,NA,1,NA
"1338","brokenh.au","SIDA PETROPHILA",NA,NA,1.16666666666667,1
"1339","brokenh.au","TRIPOGON LOLIIFORMIS",NA,NA,1,NA
"1340","brookdale.ca","COMANDRA UMBELLATA",NA,NA,1,NA
"1341","brookdale.ca","ELYMUS REPENS",NA,NA,NA,1
"1342","brookdale.ca","HELIANTHUS PAUCIFLORUS",NA,NA,1.08333333325,1.25
"1343","brookdale.ca","HEUCHERA RICHARDSONII",NA,NA,1,NA
"1344","brookdale.ca","LATHYRUS OCHROLEUCUS",NA,NA,2.5,2.08333333333333
"1345","brookdale.ca","LIATRIS LIGULISTYLIS",NA,NA,1,1
"1346","brookdale.ca","LITHOSPERMUM CANESCENS",NA,NA,1,1.666666667
"1347","brookdale.ca","POPULUS BALSAMIFERA",NA,NA,1,NA
"1348","brookdale.ca","SONCHUS ARVENSIS",NA,NA,1.55,1.95
"1349","brookdale.ca","STIPA CURTISETA",NA,NA,NA,1.08333333325
"1350","brookdale.ca","SYMPHORICARPOS ALBUS",NA,NA,2.55,1.85
"1351","brookdale.ca","SYMPHYOTRICHUM ERICOIDES",NA,NA,4,1.25
"1352","brookdale.ca","SYMPHYOTRICHUM LAEVE",NA,NA,NA,2.666666667
"1353","brookdale.ca","VIOLA ADUNCA",NA,NA,1,1
"1354","capmcd.us","ACMISPON MARITIMUS",NA,NA,0.5,NA
"1355","capmcd.us","AMSINCKIA TESSELLATA",NA,NA,NA,3
"1356","capmcd.us","ASTRAGALUS NUTTALLIANUS",NA,NA,1,0.75
"1357","capmcd.us","BROMUS RUBENS",NA,NA,0.5,0.5
"1358","capmcd.us","CHAENACTIS STEVIOIDES",NA,NA,1,0.5
"1359","capmcd.us","CRYPTANTHA PTEROCARYA",NA,NA,NA,0.5
"1360","capmcd.us","ENCELIA FARINOSA",NA,NA,NA,0.5
"1361","capmcd.us","EUPHORBIA POLYCARPA",NA,NA,2.75,1.5
"1362","capmcd.us","OTTLEYA STRIGOSA",NA,NA,0.5,1
"1363","capmcd.us","PECTOCARYA HETEROCARPA",NA,NA,0.5,NA
"1364","capwhite.us","ACMISPON MARITIMUS",NA,NA,1.25,0.875
"1365","capwhite.us","CHAENACTIS STEVIOIDES",NA,NA,0.5,NA
"1366","capwhite.us","CHORIZANTHE BREVICORNU",NA,NA,0.5,0.5
"1367","capwhite.us","CRASSULA CONNATA",NA,NA,0.5,NA
"1368","capwhite.us","LUPINUS SPARSIFLORUS",NA,NA,1.5,NA
"1369","capwhite.us","MONOPTILON BELLIOIDES",NA,NA,0.5,0.5
"1370","cdpt_drt.us","ASCLEPIAS PUMILA",NA,NA,NA,0.1
"1371","cdpt_drt.us","ASTRAGALUS LAXMANNII",NA,NA,0.1,NA
"1372","cdpt_drt.us","CHENOPODIUM ALBUM",NA,NA,0.1,0.1
"1373","cdpt_drt.us","ELYMUS ELYMOIDES",NA,NA,NA,1
"1374","cdpt_drt.us","HELIANTHUS ANNUUS",NA,NA,0.5,0.866666666666667
"1375","cdpt_drt.us","LEPIDIUM DENSIFLORUM",NA,NA,NA,0.1
"1376","cdpt_drt.us","LINUM RIGIDUM",NA,NA,0.1,NA
"1377","cdpt_drt.us","OPUNTIA POLYACANTHA",NA,NA,0.1,1
"1378","cdpt_drt.us","PENSTEMON ALBIDUS",NA,NA,NA,0.5
"1379","cdpt_drt.us","PLANTAGO PATAGONICA",NA,NA,0.1,NA
"1380","cedarsav.us","AMBROSIA ARTEMISIIFOLIA",NA,NA,8,1.5
"1381","cedarsav.us","CALAMOVILFA LONGIFOLIA",NA,NA,5,5
"1382","cedarsav.us","DIGITARIA COGNATA",NA,NA,2,NA
"1383","cedarsav.us","LESPEDEZA CAPITATA",NA,NA,NA,2
"1384","cedarsav.us","PANICUM VIRGATUM",NA,NA,2,NA
"1385","cedarsav.us","PENSTEMON GRACILIS",NA,NA,NA,1
"1386","cedartrait.us","DIGITARIA COGNATA",NA,NA,2,NA
"1387","cedartrait.us","PANICUM VIRGATUM",NA,NA,1,4
"1388","cerrillos.ar","ALLIONIA INCARNATA",NA,NA,0.94,1.25
"1389","cerrillos.ar","BOERHAVIA DIFFUSA",NA,NA,NA,0.63
"1390","cerrillos.ar","BRACHIARIA PAUCISPICATA",NA,NA,0.63,NA
"1391","cerrillos.ar","CENCHRUS CILIARIS",NA,NA,NA,1.25
"1392","cerrillos.ar","COTTEA PAPPOPHOROIDES",NA,NA,8.12666666666667,1.25
"1393","cerrillos.ar","EUPHORBIA EICHLERI",NA,NA,NA,1.875
"1394","cerrillos.ar","LEPTOCHLOA DUBIA",NA,NA,3.75,NA
"1395","cerrillos.ar","RHYNCHOSIDA PHYSOCALYX",NA,NA,NA,1.25
"1396","cerrillos.ar","SIDA ARGENTINA",NA,NA,3.96,2.08666666666667
"1397","cerrillos.ar","TRAGIA HIERONYMI",NA,NA,0.63,NA
"1398","chacra.ar","NOTICASTRUM SERICEUM",NA,NA,NA,0.5
"1399","cmss.us","CERASTIUM ARVENSE",NA,NA,2,5
"1400","cmss.us","CHRYSOTHAMNUS VISCIDIFLORUS",NA,NA,10,NA
"1401","cmss.us","PHLOX MULTIFLORA",NA,NA,10,13.3333333333333
"1402","cmss.us","POA CUSICKII",NA,NA,10,10
"1403","cmss.us","PTERYXIA HENDERSONII",NA,NA,NA,25
"1404","cobar.au","EMEX AUSTRALIS",NA,NA,NA,1
"1405","cobar.au","SIDA PETROPHILA",NA,NA,1,NA
"1406","cowidrt.ca","ACER MACROPHYLLUM",NA,NA,2,1
"1407","cowidrt.ca","ALOPECURUS PRATENSIS",NA,NA,1,NA
"1408","cowidrt.ca","CLAYTONIA PERFOLIATA",NA,NA,11.5,21.6666666666667
"1409","cowidrt.ca","ERYTHRONIUM OREGONUM",NA,NA,1.5,2
"1410","cowidrt.ca","PLANTAGO LANCEOLATA",NA,NA,NA,2
"1411","credoj.au","CUCUMIS MYRIOCARPUS",NA,NA,NA,0.5
"1412","credoj.au","ISOETOPSIS GRAMINIFOLIA",NA,NA,0.5,NA
"1413","credoj.au","VITTADINIA HUMERATA",NA,NA,0.5,2.75
"1414","credom.au","CALOTIS HISPIDULA",NA,NA,0.5,NA
"1415","credom.au","ENTEROPOGON RAMOSUS",NA,NA,0.5,NA
"1416","credom.au","ISOETOPSIS GRAMINIFOLIA",NA,NA,0.5,0.5
"1417","credom.au","MARSDENIA AUSTRALIS",NA,NA,NA,0.5
"1418","credom.au","SIDA SPODOCHROMA",NA,NA,NA,0.5
"1419","credom.au","SWAINSONA AFFINIS",NA,NA,0.5,NA
"1420","ebro.es","DACTYLIS GLOMERATA",NA,NA,NA,0.002181667
"1421","elvadrt.ee","AGROSTIS STOLONIFERA",NA,NA,1,1
"1422","elvadrt.ee","CREPIS TECTORUM",NA,NA,NA,2
"1423","elvadrt.ee","DAUCUS CAROTA",NA,NA,1,1
"1424","elvadrt.ee","LEUCANTHEMUM VULGARE",NA,NA,1,NA
"1425","elvadrt.ee","SCORZONEROIDES AUTUMNALIS",NA,NA,1.5,NA
"1426","elvadrt.ee","SILENE NUTANS",NA,NA,1,NA
"1427","esw.ca","CIRSIUM ARVENSE",NA,NA,1,1.5
"1428","esw.ca","CIRSIUM VULGARE",NA,NA,NA,2
"1429","esw.ca","ELYMUS REPENS",NA,NA,1,1
"1430","esw.ca","GEUM CANADENSE",NA,NA,1,1
"1431","esw.ca","HOLOSTEUM UMBELLATUM",NA,NA,1,1
"1432","esw.ca","POA COMPRESSA",NA,NA,5.5,3
"1433","esw.ca","SYMPHYOTRICHUM ERICOIDES",NA,NA,1,NA
"1434","ethadb.au","CALANDRINIA BALONENSIS",NA,NA,8.5,NA
"1435","ethadb.au","GOODENIA CYCLOPTERA",NA,NA,NA,0.5
"1436","ethadb.au","TRACHYMENE GLAUCIFOLIA",NA,NA,0.75,1
"1437","ethadn.au","CALANDRINIA BALONENSIS",NA,NA,5.5,0.2
"1438","ethadn.au","TRACHYMENE GLAUCIFOLIA",NA,NA,0.2,NA
"1439","falls.au","AGROSTIS VENUSTA",NA,NA,0.5,NA
"1440","falls.au","POA HOTHAMENSIS",NA,NA,0.5,NA
"1441","gmgranite.us","CHAENACTIS STEVIOIDES",NA,NA,0.5,NA
"1442","gmgranite.us","CRYPTANTHA PTEROCARYA",NA,NA,0.5,0.5
"1443","gmgranite.us","ERIOGONUM PUSILLUM",NA,NA,0.5,NA
"1444","gmgranite.us","LUPINUS CONCINNUS",NA,NA,0.5,NA
"1445","gmgranite.us","PLAGIOBOTHRYS ARIZONICUS",NA,NA,0.625,0.5
"1446","gmgranite.us","TROPIDOCARPUM GRACILE",NA,NA,0.5,NA
"1447","gmmolar.us","CHAENACTIS STEVIOIDES",NA,NA,0.5,0.625
"1448","gmmolar.us","MALACOTHRIX GLABRATA",NA,NA,NA,0.5
"1449","gmmolar.us","MENTZELIA ASPERA",NA,NA,NA,1
"1450","hard.us","ARTEMISIA NOVA",NA,NA,10,16.5
"1451","hard.us","ARTEMISIA TRIDENTATA",NA,NA,20,35
"1452","hard.us","BROMUS TECTORUM",NA,NA,2,5
"1453","hard.us","COMANDRA UMBELLATA",NA,NA,2,NA
"1454","hard.us","DALEA SEARLSIAE",NA,NA,1,NA
"1455","hard.us","KOELERIA MACRANTHA",NA,NA,5.5,5.5
"1456","hard.us","LINUM PERENNE",NA,NA,1,NA
"1457","hard.us","LUPINUS ARGENTEUS",NA,NA,1,NA
"1458","hard.us","ORTHOCARPUS TOLMIEI",NA,NA,11,7
"1459","hard.us","SYMPHYOTRICHUM ERICOIDES",NA,NA,2,9.33333333333333
"1460","hard.us","THLASPI ARVENSE",NA,NA,1.66666666666667,3
"1461","hard.us","WYETHIA AMPLEXICAULIS",NA,NA,NA,1
"1462","jilpanger.au","DAUCUS GLOCHIDIATUS",NA,NA,0.5,NA
"1463","jilpanger.au","DISTICHLIS distichophylla",NA,NA,NA,0.5
"1464","jilpanger.au","Lagenophora stipitata",NA,NA,0.5,NA
"1465","jilpanger.au","SOLENOGYNE DOMINII",NA,NA,0.5,NA
"1466","jorndrt.us","BOERHAVIA SPICATA",NA,NA,1.5,NA
"1467","jorndrt.us","EUPHORBIA GLYPTOSPERMA",NA,NA,1,NA
"1468","jorndrt.us","PANICUM HIRTICAULE",NA,NA,0.3,NA
"1469","jorndrt.us","TIDESTROMIA LANUGINOSA",NA,NA,2,0.2
"1470","jrnchi.us","DESCURAINIA PINNATA",NA,NA,1.23000812,NA
"1471","jrnchi.us","SETARIA LEUCOPILA",NA,NA,NA,0.8163265
"1472","kernb.ca","HELICTOTRICHON HOOKERI",NA,NA,4,NA
"1473","kernb.ca","SOLIDAGO CANADENSIS",NA,NA,0.5,NA
"1474","kernnu.ca","AGOSERIS GLAUCA",NA,NA,1,NA
"1475","kernnu.ca","NASSELLA VIRIDULA",NA,NA,2,1
"1476","kernnu.ca","PASCOPYRUM SMITHII",NA,NA,1,NA
"1477","kernnu.ca","TRAGOPOGON DUBIUS",NA,NA,NA,1
"1478","kiskun.hu","BUGLOSSOIDES ARVENSIS",NA,NA,NA,0.01
"1479","kiskun.hu","GYPSOPHILA PANICULATA",NA,NA,NA,7
"1480","kiskun.hu","MYOSOTIS STRICTA",NA,NA,0.01,NA
"1481","konzadrt.us","ANTENNARIA NEGLECTA",NA,NA,4,NA
"1482","konzadrt.us","ASCLEPIAS VIRIDIS",NA,NA,1.03333333333333,3
"1483","konzadrt.us","BUCHLOE DACTYLOIDES",NA,NA,NA,1
"1484","konzadrt.us","CAREX BREVIOR",NA,NA,2,0.1
"1485","konzadrt.us","CAREX INOPS",NA,NA,2.62,1.275
"1486","konzadrt.us","CAREX MEADII",NA,NA,3,2.33333333333333
"1487","konzadrt.us","CYPERUS LUPULINUS",NA,NA,0.1,NA
"1488","konzadrt.us","DALEA CANDIDA",NA,NA,3,NA
"1489","konzadrt.us","DICHANTHELIUM OLIGOSANTHES",NA,NA,2.6,2.8
"1490","konzadrt.us","ERIGERON STRIGOSUS",NA,NA,1,1
"1491","konzadrt.us","HELIANTHUS ANNUUS",NA,NA,1,NA
"1492","konzadrt.us","KOELERIA MACRANTHA",NA,NA,6,8.6
"1493","konzadrt.us","MIMOSA NUTTALLII",NA,NA,2,NA
"1494","konzadrt.us","OXALIS STRICTA",NA,NA,1,0.4
"1495","konzadrt.us","PANICUM CAPILLARE",NA,NA,9,1.5
"1496","konzadrt.us","PSORALIDIUM TENUIFLORUM",NA,NA,10.02,14.8
"1497","konzadrt.us","RUELLIA HUMILIS",NA,NA,1,2
"1498","konzadrt.us","SOLIDAGO CANADENSIS",NA,NA,NA,2
"1499","lygraint.no","CAREX BINERVIS",NA,NA,1,NA
"1500","lygraint.no","DANTHONIA DECUMBENS",NA,NA,1,NA
"1501","lygraint.no","PLAGIOTHECIUM UNDULATUM",NA,NA,1,NA
"1502","lygraint.no","PSEUDOSCLEROPODIUM PURUM",NA,NA,2,NA
"1503","lygraold.no","CAREX PILULIFERA",NA,NA,1,NA
"1504","lygraold.no","FESTUCA VIVIPARA",NA,NA,1,NA
"1505","lygraold.no","LEUCOBRYUM GLAUCUM",NA,NA,1,2
"1506","lygraold.no","PLAGIOTHECIUM UNDULATUM",NA,NA,2.33333333333333,3
"1507","lygraold.no","PTILIUM CRISTA-CASTRENSIS",NA,NA,3,NA
"1508","marcdrt.ar","CYPERUS REFLEXUS",NA,NA,NA,1
"1509","marcdrt.ar","ELEOCHARIS BONARIENSIS",NA,NA,NA,1
"1510","matador.ca","GAILLARDIA ARISTATA",NA,NA,NA,1
"1511","matador.ca","POA PRATENSIS",NA,NA,NA,0.5
"1512","matador.ca","TRAGOPOGON DUBIUS",NA,NA,2,0.5
"1513","mattheis.ca","ANDROSACE SEPTENTRIONALIS",NA,NA,1,1
"1514","mattheis.ca","HETEROTHECA VILLOSA",NA,NA,NA,3
"1515","mattheis.ca","PASCOPYRUM SMITHII",NA,NA,NA,1
"1516","mattheis.ca","TARAXACUM TARAXACUM",NA,NA,10,3.5
"1517","milparinka.au","ERIOCHLOA PSEUDOACROTRICHA",NA,NA,1.5,1
"1518","milparinka.au","MAIREANA PYRAMIDATA",NA,NA,NA,15
"1519","naposta.ar","LACTUCA SERRIOLA",NA,NA,5,3
"1520","naposta.ar","PAPPOPHORUM CAESPITOSUM",NA,NA,5,10
"1521","naposta.ar","PAVONIA CYMBALARIA",NA,NA,1,1
"1522","naposta.ar","SOLANUM aethiopicum",NA,NA,1,1
"1523","nnss.us","ERIOGONUM ANNUUM",NA,NA,0.6351886,0.203252
"1524","nnss.us","LINANTHUS JONESII",NA,NA,0.6743666,NA
"1525","nnss.us","PECTOCARYA RECURVATA",NA,NA,0.27364995,0.1355014
"1526","nnss.us","PRENANTHELLA EXIGUA",NA,NA,0.9639069,0.5487245
"1527","nplatte.us","ALYSSUM DESERTORUM",NA,NA,2,2
"1528","nplatte.us","CYMOPTERUS GLOMERATUS",NA,NA,2,2
"1529","nplatte.us","ERIOGONUM EFFUSUM",NA,NA,30,NA
"1530","nplatte.us","HESPEROSTIPA COMATA",NA,NA,10,NA
"1531","nplatte.us","PLANTAGO PATAGONICA",NA,NA,2,2
"1532","nplatte.us","PSORALIDIUM TENUIFLORUM",NA,NA,NA,2
"1533","nplatte.us","VULPIA OCTOFLORA",NA,NA,NA,2
"1534","octc.us","BROMUS TECTORUM",NA,NA,NA,0.1355014
"1535","oreaa.us","DRABA VERNA",NA,NA,NA,0.5
"1536","oreac.us","BROMUS TECTORUM",NA,NA,NA,1
"1537","oreac.us","DRABA VERNA",NA,NA,0.5,NA
"1538","oreac.us","ERIOPHYLLUM LANATUM var. LEUCOPHYLLUM",NA,NA,NA,3.5
"1539","oreac.us","POA BULBOSA",NA,NA,2.66666666666667,NA
"1540","paike.ar","CALCEOLARIA UNIFLORA",NA,NA,1,NA
"1541","passogavia.it","LUZULA SPICATA",NA,NA,NA,0.01
"1542","passogavia.it","LYCOPODIUM ALPINUM",NA,NA,NA,0.1
"1543","purdue.us","APOCYNUM CANNABINUM",NA,NA,5,NA
"1544","purdue.us","SCHIZACHYRIUM SCOPARIUM",NA,NA,20,NA
"1545","quilpie.au","SCLEROLAENA ERIACANTHA",NA,NA,4,3.33333333333333
"1546","rhijn.nl","ALOPECURUS PRATENSIS",NA,NA,5,NA
"1547","sand.us","ANDROPOGON VIRGINICUS",NA,NA,NA,12
"1548","sand.us","CHAMAECRISTA NICTITANS",NA,NA,12,39.5
"1549","sand.us","EUPATORIUM LEUCOLEPIS",NA,NA,NA,3
"1550","sand.us","GALACTIA ERECTA",NA,NA,1,2.5
"1551","sand.us","LESPEDEZA PROCUMBENS",NA,NA,8,1
"1552","sand.us","PANICUM COMMUTATUM",NA,NA,6.33333333333333,11.3333333333333
"1553","sand.us","QUERCUS LAEVIS",NA,NA,4,NA
"1554","sand.us","QUERCUS MARILANDICA",NA,NA,NA,10
"1555","sand.us","SCLERIA TRIGLOMERATA",NA,NA,6,6
"1556","sclaudio.ar","CHENOPODIUM QUINOA",NA,NA,2.625,NA
"1557","scruzh.us","ACMISPON AMERICANUS",NA,NA,NA,0.9174312
"1558","scruzh.us","AIRA CARYOPHYLLEA",NA,NA,NA,2.2727273
"1559","scruzh.us","CYNOSURUS ECHINATUS",NA,NA,3.0769231,NA
"1560","scruzh.us","JUNCUS BUFONIUS",NA,NA,NA,2.2727273
"1561","scruzh.us","LYTHRUM HYSSOPIFOLIA",NA,NA,NA,7.057965
"1562","scruzh.us","RUBUS URSINUS",NA,NA,NA,4.2105263
"1563","scruzl.us","SONCHUS ASPER",NA,NA,2.0408163,14.5478712333333
"1564","scruzm.us","RUMEX CRISPUS",NA,NA,1.0416667,NA
"1565","sevblue.us","ASTRAGALUS MISSOURIENSIS",NA,NA,0.5,NA
"1566","sevblue.us","SALSOLA KALI",NA,NA,2.03333333333333,NA
"1567","sevmixed.us","SALSOLA KALI",NA,NA,0.5,NA
"1568","sevmixed.us","SPHAERALCEA POLYCHROMA",NA,NA,1,NA
"1569","spvdrt.ar","FACELIS RETUSA",NA,NA,6.66666666666667,3.66666666666667
"1570","spvdrt.ar","HOFFMANNSEGGIA TRIFOLIATA",NA,NA,4,NA
"1571","spvdrt.ar","PECTOCARYA LINEARIS",NA,NA,1,NA
"1572","spvdrt.ar","PIPTOCHAETIUM NAPOSTAENSE",NA,NA,NA,1
"1573","teshio.jp","CAREX MIYABEI",NA,NA,50,25.5
"1574","teshio.jp","IMPATIENS NOLI-TANGERE",NA,NA,NA,3
"1575","teshio.jp","SYMPHYOTRICHUM NOVI-BELGII",NA,NA,NA,1
"1576","teshio.jp","TRIFOLIUM REPENS",NA,NA,3.66666666666667,3
"1577","teshio.jp","VIOLA ARCUATA",NA,NA,3,NA
"1578","ukulingadrt.za","ARISTIDA JUNCIFORMIS",NA,NA,NA,9
"1579","ukulingadrt.za","CRABBEA SQUARROSA",NA,NA,3,3
"1580","ukulingadrt.za","CROTALARIA MICROCARPA",NA,NA,4,27
"1581","ukulingadrt.za","DIPCADI VIRIDE",NA,NA,NA,2
"1582","ukulingadrt.za","HYPARRHENIA DREGEANA",NA,NA,15,NA
"1583","ukulingadrt.za","HYPOXIS FILIFORMIS",NA,NA,3.25,6
"1584","ukulingadrt.za","LEDEBOURIA APERTIFLORA",NA,NA,NA,3
"1585","ukulingadrt.za","PENTANISIA ANGUSTIFOLIA",NA,NA,11.5,4
"1586","ukulingadrt.za","POLYGALA CONFUSA",NA,NA,3,NA
"1587","ukulingadrt.za","RUELLIA BAURII",NA,NA,2,NA
"1588","ukulingadrt.za","SENECIO DELTOIDEUS",NA,NA,5,5.5
"1589","ukulingadrt.za","SENECIO RETRORSUS",NA,NA,5.5,4
"1590","ukulingadrt.za","SETARIA SPHACELATA",NA,NA,NA,6
"1591","ukulingadrt.za","TAGETES MINUTA",NA,NA,2,NA
"1592","ukulingadrt.za","TRAGIA MEYERIANA",NA,NA,3.5,3
"1593","ukulingadrt.za","VIGNA VEXILLATA",NA,NA,NA,5
"1594","yarradrt.au","CONYZA SUMATRENSIS",NA,NA,2,NA
