"","site_code","Taxon","mean.before.control.0","mean.before.drought.0","mean.after.control.0","mean.after.drought.0","drought.after.before","control.after.before","cover.change"
"1","allmendb.ch","ACHILLEA MILLEFOLIUM",1.33333333333333,1.875,1.83333333333333,1.25,-0.625,0.5,-1.125
"2","allmendb.ch","ANTHYLLIS VULNERARIA",0.75,0,0.75,0,0,0,0
"3","allmendb.ch","ASPERULA CYNANCHICA",0.25,0.25,0.25,0.25,0,0,0
"4","allmendb.ch","BRACHYPODIUM PINNATUM",12,9.75,18.5833333333333,13,3.25,6.58333333333333,-3.33333333333333
"5","allmendb.ch","BRIZA MEDIA",3.33333333333333,4.16666666666667,2.5,2.5,-1.66666666666667,-0.833333333333333,-0.833333333333333
"6","allmendb.ch","BROMUS ERECTUS",18,26.25,17.25,22.0833333333333,-4.16666666666667,-0.75,-3.41666666666667
"7","allmendb.ch","CAREX CARYOPHYLLEA",10.75,16.5,10.8333333333333,16.5,0,0.0833333333333339,-0.0833333333333339
"8","allmendb.ch","CAREX FLACCA",4.25,0,4.375,0.25,0.25,0.125,0.125
"9","allmendb.ch","CARLINA VULGARIS",0.25,0.5,0.25,0,-0.5,0,-0.5
"10","allmendb.ch","CENTAUREA JACEA",1.91666666666667,1.5,2.33333333333333,1.5,0,0.416666666666667,-0.416666666666667
"11","allmendb.ch","CENTAUREA SCABIOSA",5.5,6.08333333333333,5.16666666666667,7.25,1.16666666666667,-0.333333333333333,1.5
"12","allmendb.ch","CREPIS BIENNIS",0.25,0.5,1.75,0.5,0,1.5,-1.5
"13","allmendb.ch","ECHIUM VULGARE",0,1.75,0.25,0.375,-1.375,0.25,-1.625
"14","allmendb.ch","EUPHORBIA CYPARISSIAS",0,3.25,0.25,2,-1.25,0.25,-1.5
"15","allmendb.ch","FESTUCA OVINA",3.5,0.625,2.25,0.833333333333333,0.208333333333333,-1.25,1.45833333333333
"16","allmendb.ch","GALIUM VERUM",3.75,0,0.833333333333333,0,0,-2.91666666666667,2.91666666666667
"17","allmendb.ch","GLOBULARIA VULGARIS",1.58333333333333,0.25,1.75,0.375,0.125,0.166666666666667,-0.0416666666666665
"18","allmendb.ch","HELIANTHEMUM NUMMULARIUM var. GRANDIFLORUM",4.58333333333333,5.41666666666667,6.25,10.8333333333333,5.41666666666667,1.66666666666667,3.75
"19","allmendb.ch","HELICTOTRICHON PRATENSE",2.66666666666667,2.75,2.75,4.25,1.5,0.0833333333333335,1.41666666666667
"20","allmendb.ch","HIPPOCREPIS COMOSA",7.5,5.83333333333333,12.5,10.4166666666667,4.58333333333333,5,-0.416666666666667
"21","allmendb.ch","KNAUTIA ARVENSIS",0,1.5,0,1.5,0,0,0
"22","allmendb.ch","LEUCANTHEMUM VULGARE",1,0.75,1.375,1.5,0.75,0.375,0.375
"23","allmendb.ch","LINUM CATHARTICUM",4.58333333333333,3.25,2.5,2.08333333333333,-1.16666666666667,-2.08333333333333,0.916666666666667
"24","allmendb.ch","LOTUS CORNICULATUS",0,1.91666666666667,0.916666666666667,1.33333333333333,-0.583333333333333,0.916666666666667,-1.5
"25","allmendb.ch","PIMPINELLA SAXIFRAGA",4,2.5,2.5,2.41666666666667,-0.0833333333333335,-1.5,1.41666666666667
"26","allmendb.ch","PLANTAGO LANCEOLATA",0.25,0.375,0.25,1,0.625,0,0.625
"27","allmendb.ch","POTENTILLA GRANDIFLORA",0.375,0.75,0.916666666666667,0.666666666666667,-0.0833333333333334,0.541666666666667,-0.625
"28","allmendb.ch","PRUNELLA VULGARIS",13.5833333333333,9.16666666666667,17.8333333333333,14.0833333333333,4.91666666666667,4.25,0.66666666666667
"29","allmendb.ch","RHINANTHUS MINOR",6.66666666666667,5.08333333333333,0.416666666666667,2,-3.08333333333333,-6.25,3.16666666666667
"30","allmendb.ch","SALVIA PRATENSIS",1.5,2.375,1.125,3.25,0.875,-0.375,1.25
"31","allmendb.ch","SANGUISORBA MINOR",4.5,6.08333333333333,2.66666666666667,2.5,-3.58333333333333,-1.83333333333333,-1.75
"32","allmendb.ch","SCABIOSA COLUMBARIA",1.33333333333333,1.5,2.58333333333333,1,-0.5,1.25,-1.75
"33","allmendb.ch","TEUCRIUM CHAMAEDRYS",0.5,14.75,1,5.75,-9,0.5,-9.5
"34","allmendb.ch","THYMUS SERPYLLUM",2.41666666666667,2.16666666666667,2.16666666666667,1.66666666666667,-0.5,-0.25,-0.25
"35","allmendb.ch","TRIFOLIUM MONTANUM",0.25,0.25,1,0.25,0,0.75,-0.75
"36","allmendb.ch","TRIFOLIUM PRATENSE",0.583333333333333,0.583333333333333,1,0.75,0.166666666666667,0.416666666666667,-0.25
"37","allmendo.ch","ACHILLEA MILLEFOLIUM",0.75,1.375,1.25,0.75,-0.625,0.5,-1.125
"38","allmendo.ch","ANTHYLLIS VULNERARIA",1,2.16666666666667,0.875,1.5,-0.666666666666667,-0.125,-0.541666666666667
"39","allmendo.ch","ASPERULA CYNANCHICA",0.375,1.375,0.416666666666667,2.375,1,0.0416666666666667,0.958333333333333
"40","allmendo.ch","BRACHYPODIUM PINNATUM",6.25,5.83333333333333,3.58333333333333,6.08333333333333,0.25,-2.66666666666667,2.91666666666667
"41","allmendo.ch","BRIZA MEDIA",1.66666666666667,2.66666666666667,1.83333333333333,2.41666666666667,-0.25,0.166666666666667,-0.416666666666667
"42","allmendo.ch","BROMUS ERECTUS",17.25,16.5,22.8333333333333,15.6666666666667,-0.833333333333334,5.58333333333333,-6.41666666666667
"43","allmendo.ch","CAREX CARYOPHYLLEA",14.1666666666667,15.75,12.4166666666667,14.1666666666667,-1.58333333333333,-1.75,0.166666666666666
"44","allmendo.ch","CAREX FLACCA",1.75,5,1.5,1.5,-3.5,-0.25,-3.25
"45","allmendo.ch","CENTAUREA JACEA",1,0.583333333333333,1,2.25,1.66666666666667,0,1.66666666666667
"46","allmendo.ch","CENTAUREA SCABIOSA",3,1.58333333333333,4.125,1.75,0.166666666666667,1.125,-0.958333333333333
"47","allmendo.ch","EUPHORBIA CYPARISSIAS",2.25,0.25,2.25,1.75,1.5,0,1.5
"48","allmendo.ch","FESTUCA OVINA",7.08333333333333,7.25,5.41666666666667,7.08333333333333,-0.166666666666667,-1.66666666666667,1.5
"49","allmendo.ch","GALIUM VERUM",1.41666666666667,1.375,1.75,0.875,-0.5,0.333333333333333,-0.833333333333333
"50","allmendo.ch","GLOBULARIA VULGARIS",0.375,0.375,0.583333333333333,1.33333333333333,0.958333333333333,0.208333333333333,0.75
"51","allmendo.ch","HELIANTHEMUM NUMMULARIUM var. GRANDIFLORUM",3.66666666666667,4.16666666666667,5.83333333333333,5.41666666666667,1.25,2.16666666666667,-0.916666666666667
"52","allmendo.ch","HELICTOTRICHON PRATENSE",1.75,3.83333333333333,1.08333333333333,3.75,-0.0833333333333335,-0.666666666666667,0.583333333333333
"53","allmendo.ch","HIPPOCREPIS COMOSA",6.66666666666667,4.16666666666667,5.33333333333333,2.83333333333333,-1.33333333333333,-1.33333333333333,4.44089209850063e-16
"54","allmendo.ch","LINUM CATHARTICUM",5.41666666666667,6.25,2.08333333333333,1.66666666666667,-4.58333333333333,-3.33333333333333,-1.25
"55","allmendo.ch","LOTUS CORNICULATUS",0.75,0.25,0.625,0.375,0.125,-0.125,0.25
"56","allmendo.ch","PIMPINELLA SAXIFRAGA",1.91666666666667,2.25,2.33333333333333,2.16666666666667,-0.0833333333333335,0.416666666666667,-0.5
"57","allmendo.ch","PLANTAGO LANCEOLATA",0.416666666666667,0.25,0.75,0.75,0.5,0.333333333333333,0.166666666666667
"58","allmendo.ch","POLYGALA VULGARIS",0,0.25,0.375,0.5,0.25,0.375,-0.125
"59","allmendo.ch","POTENTILLA GRANDIFLORA",1.75,0.416666666666667,5.25,3.25,2.83333333333333,3.5,-0.666666666666667
"60","allmendo.ch","PRUNELLA VULGARIS",5.75,6.25,7.91666666666667,4.16666666666667,-2.08333333333333,2.16666666666667,-4.25
"61","allmendo.ch","RHINANTHUS MINOR",2.33333333333333,3.41666666666667,1.08333333333333,0.833333333333333,-2.58333333333333,-1.25,-1.33333333333333
"62","allmendo.ch","SALVIA PRATENSIS",0,2.625,0.5,3.875,1.25,0.5,0.75
"63","allmendo.ch","SANGUISORBA MINOR",0,0.5,0,0.5,0,0,0
"64","allmendo.ch","SCABIOSA COLUMBARIA",0.416666666666667,1,0.25,1.625,0.625,-0.166666666666667,0.791666666666667
"65","allmendo.ch","TEUCRIUM CHAMAEDRYS",2.08333333333333,1.25,3.83333333333333,2.58333333333333,1.33333333333333,1.75,-0.416666666666667
"66","allmendo.ch","TEUCRIUM MONTANUM",3.5,0.5,7.25,0,-0.5,3.75,-4.25
"67","allmendo.ch","THYMUS SERPYLLUM",1,0.416666666666667,1.5,1.83333333333333,1.41666666666667,0.5,0.916666666666667
"68","allmendo.ch","TRIFOLIUM MONTANUM",1.08333333333333,0.25,0.666666666666667,0.5,0.25,-0.416666666666667,0.666666666666667
"69","baddrt.de","APERA SPICA-VENTI",1.775,7,4.7625,9.36666666666667,2.36666666666667,2.9875,-0.620833333333333
"70","baddrt.de","BROMUS HORDEACEUS",0,0.55,0.55,0.01,-0.54,0.55,-1.09
"71","baddrt.de","BROMUS STERILIS",0,2,0.1025,5,3,0.1025,2.8975
"72","baddrt.de","CIRSIUM ARVENSE",10.5,12.6,3.27777777777778,3.3,-9.3,-7.22222222222222,-2.07777777777778
"73","baddrt.de","CREPIS BIENNIS",40.7,52,4.85714285714286,6.5,-45.5,-35.8428571428571,-9.65714285714285
"74","baddrt.de","CREPIS CAPILLARIS",3.55555555555556,5.4,1.61666666666667,9,3.6,-1.93888888888889,5.53888888888889
"75","baddrt.de","EPILOBIUM ANGUSTIFOLIUM",0,5,0,1.05,-3.95,0,-3.95
"76","baddrt.de","EPILOBIUM TETRAGONUM",5.7,7,0.812,0.8,-6.2,-4.888,-1.312
"77","baddrt.de","ERIGERON CANADENSIS",1,0,0.353333333333333,0,0,-0.646666666666667,0.646666666666667
"78","baddrt.de","GALIUM APARINE",0.26,0.5,0.07,0.1,-0.4,-0.19,-0.21
"79","baddrt.de","HYPERICUM PERFORATUM",0.5,0,0.2,0,0,-0.3,0.3
"80","baddrt.de","PICRIS HIERACIOIDES",33.7,23.2,63,48,24.8,29.3,-4.5
"81","baddrt.de","POA TRIVIALIS",2,0,1.40333333333333,0.01,0.01,-0.596666666666667,0.606666666666667
"82","baddrt.de","PRUNUS AVIUM",0.5,0,0.3,0,0,-0.2,0.2
"83","baddrt.de","RUMEX CRISPUS",7,0,5,0.5,0.5,-2,2.5
"84","baddrt.de","SOLIDAGO CANADENSIS",4.25,0,0.2,0.15,0.15,-4.05,4.2
"85","baddrt.de","SONCHUS ASPER",2,2.125,0.35,1,-1.125,-1.65,0.525
"86","baddrt.de","TARAXACUM TARAXACUM",7.25,8.75,2.24,7.06,-1.69,-5.01,3.32
"87","baddrt.de","TRAGOPOGON PRATENSIS",1,1,0.5,0,-1,-0.5,-0.5
"88","baddrt.de","TRIPLEUROSPERMUM INODORUM",0.533333333333333,0.5,0.5,0,-0.5,-0.0333333333333333,-0.466666666666667
"89","baddrt.de","VULPIA MYUROS",1.33333333333333,80,4.34285714285714,3.53333333333333,-76.4666666666667,3.00952380952381,-79.4761904761905
"90","biddulph.ca","ARTEMISIA FRIGIDA",3,1,5,2,1,2,-1
"91","biddulph.ca","ARTEMISIA LUDOVICIANA",0,0.75,0,1,0.25,0,0.25
"92","biddulph.ca","FESTUCA ALTAICA",0.666666666666667,2.16666666666667,2,0.5,-1.66666666666667,1.33333333333333,-3
"93","biddulph.ca","LYGODESMIA JUNCEA",0,1,0.75,0,-1,0.75,-1.75
"94","biddulph.ca","PSORALEA LANCEOLATA",1.5,2,6.5,11,9,5,4
"95","biddulph.ca","ROSA ARKANSANA",3,1,8,1,0,5,-5
"96","biddulph.ca","SOLIDAGO MISSOURIENSIS",5,0,8,0,0,3,-3
"97","biddulph.ca","STIPA COMATA",3.5,5.5,12.5,14.5,9,9,0
"98","brokenh.au","MAIREANA PYRAMIDATA",30,0,12,0,0,-18,18
"99","brokenh.au","SCLEROLAENA DIACANTHA",1,1,1,1,0,0,0
"100","brokenh.au","SOLANUM ELLIPTICUM",2,2,1,1,-1,-1,0
"101","brookdale.ca","ACHILLEA MILLEFOLIUM",5,5,1,1.5,-3.5,-4,0.5
"102","brookdale.ca","AGASTACHE FOENICULUM",0,8.333333333,0,1.5,-6.833333333,0,-6.833333333
"103","brookdale.ca","ALLIUM CERNUUM",5,0,1,0,0,-4,4
"104","brookdale.ca","ANDROPOGON GERARDII",19.833333334,9,2.875,2.611111111,-6.388888889,-16.958333334,10.569444445
"105","brookdale.ca","ANEMONASTRUM CANADENSE",6.94444444433333,9.16666666666667,2,2.4375,-6.72916666666667,-4.94444444433333,-1.78472222233333
"106","brookdale.ca","ARTEMISIA LUDOVICIANA",12,9.1666666666,1.25,1.95,-7.2166666666,-10.75,3.5333333334
"107","brookdale.ca","BROMUS INERMIS",9.6666666666,11.25,3.1,3.65,-7.6,-6.5666666666,-1.0333333334
"108","brookdale.ca","CIRSIUM ARVENSE",17.666666666,17.5,1.9,2.1333333332,-15.3666666668,-15.766666666,0.3999999992
"109","brookdale.ca","CYPRIPEDIUM PARVIFLORUM",5,5,1.25,1,-4,-3.75,-0.25
"110","brookdale.ca","GALIUM BOREALE",6.5,6.5,1.2833333334,1.3333333334,-5.1666666666,-5.2166666666,0.0499999999999998
"111","brookdale.ca","GLYCYRRHIZA LEPIDOTA",25.166666666,18.5,4.35,3.75,-14.75,-20.816666666,6.066666666
"112","brookdale.ca","HELIOPSIS HELIANTHOIDES",16.875,11,0,2,-9,-16.875,7.875
"113","brookdale.ca","POA PRATENSIS",66,61,6.55,6.25,-54.75,-59.45,4.7
"114","brookdale.ca","ROSA ACICULARIS",8.6666666666,8.5,1.5166666666,1.5666666666,-6.9333333334,-7.15,0.216666666599999
"115","brookdale.ca","SOLIDAGO CANADENSIS",27,30,2.4,2.9,-27.1,-24.6,-2.5
"116","brookdale.ca","SOLIDAGO RIGIDA",5,5,2.5,1.5,-3.5,-2.5,-1
"117","brookdale.ca","THALICTRUM VENULOSUM",5,6.66666666666667,1,1.75,-4.91666666666667,-4,-0.916666666666667
"118","brookdale.ca","VICIA AMERICANA",5,5,1,1,-4,-4,0
"119","brookdale.ca","ZIZIA APTERA",5,5,2,1,-4,-3,-1
"120","capmcd.us","DICHELOSTEMMA CAPITATUM",0.5,0.5,0.5,0.5,0,0,0
"121","capmcd.us","ERODIUM TEXANUM",0.5,0,1,0.5,0.5,0.5,0
"122","capmcd.us","LOGFIA ARIZONICA",0,0.5,0.5,0,-0.5,0.5,-1
"123","capmcd.us","PECTOCARYA RECURVATA",0.5,0.5,5.21428571428571,2.85714285714286,2.35714285714286,4.71428571428571,-2.35714285714286
"124","capmcd.us","PHYSARIA GORDONII",0.5,0,0.5,0,0,0,0
"125","capmcd.us","PLANTAGO OVATA",0.583333333333333,1,8.71428571428571,23.7142857142857,22.7142857142857,8.13095238095238,14.5833333333333
"126","capmcd.us","PLANTAGO PATAGONICA",0.5,0.5,0.75,4,3.5,0.25,3.25
"127","capmcd.us","SCHISMUS ARABICUS",71.4285714285714,70.2857142857143,33.8571428571429,25.1428571428571,-45.1428571428572,-37.5714285714286,-7.57142857142858
"128","capwhite.us","ASTRAGALUS NUTTALLIANUS",0,0.5,0.5,0.75,0.25,0.5,-0.25
"129","capwhite.us","LOGFIA ARIZONICA",2.42857142857143,0.833333333333333,0.928571428571428,4.7,3.86666666666667,-1.5,5.36666666666667
"130","capwhite.us","OTTLEYA STRIGOSA",0.5,0,0.5,0.6,0.6,0,0.6
"131","capwhite.us","PECTOCARYA HETEROCARPA",0.5,0.5,1.25,0,-0.5,0.75,-1.25
"132","capwhite.us","PECTOCARYA PLATYCARPA",0.5,0,1.25,0.5,0.5,0.75,-0.25
"133","capwhite.us","PECTOCARYA RECURVATA",0.5,0.875,0.5,0.5,-0.375,0,-0.375
"134","capwhite.us","PHYSARIA GORDONII",2.33333333333333,4.6,0.5,0.5,-4.1,-1.83333333333333,-2.26666666666667
"135","capwhite.us","PLANTAGO OVATA",1.42857142857143,2.85714285714286,9.5,4.57142857142857,1.71428571428571,8.07142857142857,-6.35714285714286
"136","capwhite.us","PLANTAGO PATAGONICA",0.714285714285714,0.583333333333333,1.5,1,0.416666666666667,0.785714285714286,-0.369047619047619
"137","capwhite.us","SCHISMUS ARABICUS",24.7142857142857,32,35.7142857142857,7.71428571428571,-24.2857142857143,11,-35.2857142857143
"138","capwhite.us","VULPIA OCTOFLORA",0,0.5,0.5,0,-0.5,0.5,-1
"139","cdpt_drt.us","ARISTIDA PURPUREA",0,5,6,4.33333333333333,-0.666666666666667,6,-6.66666666666667
"140","cdpt_drt.us","ARTEMISIA FILIFOLIA",4.5,0,8,0,0,3.5,-3.5
"141","cdpt_drt.us","ARTEMISIA FRIGIDA",6.2,12.5,4.66666666666667,11.5,-1,-1.53333333333333,0.533333333333334
"142","cdpt_drt.us","BOUTELOUA GRACILIS",11.6666666666667,10.6666666666667,15,12.8333333333333,2.16666666666667,3.33333333333333,-1.16666666666667
"143","cdpt_drt.us","BROMUS JAPONICUS",5.5,1,2,4,3,-3.5,6.5
"144","cdpt_drt.us","BUCHLOE DACTYLOIDES",2,0,1,0,0,-1,1
"145","cdpt_drt.us","CAREX FILIFOLIA",20.1666666666667,20.5,18.5,19.1666666666667,-1.33333333333333,-1.66666666666667,0.333333333333336
"146","cdpt_drt.us","COREOPSIS TINCTORIA",2,1.75,3.5,2.25,0.5,1.5,-1
"147","cdpt_drt.us","DALEA ENNEANDRA",0.5,0,0.5,0,0,0,0
"148","cdpt_drt.us","DICHANTHELIUM OLIGOSANTHES",1.25,2,3,0.5,-1.5,1.75,-3.25
"149","cdpt_drt.us","ESCOBARIA VIVIPARA",0.3,0.5,0.18,0,-0.5,-0.12,-0.38
"150","cdpt_drt.us","GAURA COCCINEA",0.1,0.5,2,1,0.5,1.9,-1.4
"151","cdpt_drt.us","HESPEROSTIPA COMATA",13.6666666666667,10.8333333333333,10.1666666666667,15.5,4.66666666666667,-3.5,8.16666666666667
"152","cdpt_drt.us","HETEROTHECA VILLOSA",0,0.3,0,0.55,0.25,0,0.25
"153","cdpt_drt.us","KOELERIA MACRANTHA",0,14,10,12,-2,10,-12
"154","cdpt_drt.us","LIATRIS PUNCTATA",0.5,0.5,0.5,1,0.5,0,0.5
"155","cdpt_drt.us","LITHOSPERMUM INCISUM",1.75,1.91666666666667,2.75,2.16666666666667,0.25,1,-0.75
"156","cdpt_drt.us","LYGODESMIA JUNCEA",1,0.5,1.2,0.55,0.05,0.2,-0.15
"157","cdpt_drt.us","MACHAERANTHERA PINNATIFIDA",0.5,0.5,0.3,0.1,-0.4,-0.2,-0.2
"158","cdpt_drt.us","POLYGALA ALBA",0.5,1,0,2,1,-0.5,1.5
"159","cdpt_drt.us","PSORALIDIUM TENUIFLORUM",0.3,10.2,1.66666666666667,6.36666666666667,-3.83333333333333,1.36666666666667,-5.2
"160","cdpt_drt.us","SPHAERALCEA COCCINEA",0.666666666666667,0.9,1,1.9,1,0.333333333333333,0.666666666666667
"161","cdpt_drt.us","SPOROBOLUS CRYPTANDRUS",7,1,3,1.125,0.125,-4,4.125
"162","cdpt_drt.us","TRADESCANTIA OCCIDENTALIS",0.5,0,1,0,0,0.5,-0.5
"163","cdpt_drt.us","TRAGOPOGON DUBIUS",0.5,0,0,0.1,0.1,-0.5,0.6
"164","cdpt_drt.us","VERBENA STRICTA",0,0.1,0,0.1,0,0,0
"165","cedarsav.us","AMORPHA CANESCENS",9.5,9.33333333333333,2.33333333333333,6.75,-2.58333333333333,-7.16666666666667,4.58333333333333
"166","cedarsav.us","AMPHICARPAEA BRACTEATA",3,0,1,0,0,-2,2
"167","cedarsav.us","ANDROPOGON GERARDII",7.66666666666667,9.75,17.1428571428571,8.8,-0.949999999999999,9.47619047619047,-10.4261904761905
"168","cedarsav.us","ARTEMISIA LUDOVICIANA",1.6,3,1,1,-2,-0.6,-1.4
"169","cedarsav.us","COMANDRA UMBELLATA",1.6,2,9.66666666666667,6.66666666666667,4.66666666666667,8.06666666666667,-3.4
"170","cedarsav.us","COREOPSIS PALMATA",11,6,27.5,6.66666666666667,0.666666666666666,16.5,-15.8333333333333
"171","cedarsav.us","EUTHAMIA GRAMINIFOLIA",5.5,8,4.33333333333333,4,-4,-1.16666666666667,-2.83333333333333
"172","cedarsav.us","HELIANTHEMUM BICKNELLII",0,1,0,4,3,0,3
"173","cedarsav.us","LATHYRUS VENOSUS",4.9,4.75,5,4.5,-0.25,0.0999999999999996,-0.35
"174","cedarsav.us","LITHOSPERMUM CANESCENS",2.5,0,3,4.33333333333333,4.33333333333333,0.5,3.83333333333333
"175","cedarsav.us","MUHLENBERGIA RACEMOSA",5.2,0,5,0,0,-0.2,0.2
"176","cedarsav.us","PANICUM ACUMINATUM",3.2,2,3,4,2,-0.2,2.2
"177","cedarsav.us","PANICUM OLIGOSANTHES",2.5,2,5,0,-2,2.5,-4.5
"178","cedarsav.us","POA PRATENSIS",5.85714285714286,6.4,5.4,5.6,-0.800000000000001,-0.457142857142856,-0.342857142857144
"179","cedarsav.us","QUERCUS ELLIPSOIDALIS",0,21,0,20,-1,0,-1
"180","cedarsav.us","QUERCUS MACROCARPA",10,15,6,15,0,-4,4
"181","cedarsav.us","ROSA ARKANSANA",1,3,0,3,0,-1,1
"182","cedarsav.us","SCHIZACHYRIUM SCOPARIUM",14.2857142857143,16,20.625,17,1,6.33928571428571,-5.33928571428571
"183","cedarsav.us","SOLIDAGO MISSOURIENSIS",15,0,6,0,0,-9,9
"184","cedarsav.us","SORGHASTRUM NUTANS",23.5,17.2,12.5,25,7.8,-11,18.8
"185","cedarsav.us","STIPA SPARTEA",3.66666666666667,3.5,15,0,-3.5,11.3333333333333,-14.8333333333333
"186","cedarsav.us","SYMPHYOTRICHUM OOLENTANGIENSE",6.6,2,7.66666666666667,0,-2,1.06666666666667,-3.06666666666667
"187","cedartrait.us","ACHILLEA MILLEFOLIUM",3.5,1,1,1,0,-2.5,2.5
"188","cedartrait.us","AMORPHA CANESCENS",6.16666666666667,2.5,3,0,-2.5,-3.16666666666667,0.666666666666666
"189","cedartrait.us","ANDROPOGON GERARDII",13,5,17,6.4,1.4,4,-2.6
"190","cedartrait.us","BAPTISIA ALBA",17.5,0,11.3333333333333,0,0,-6.16666666666667,6.16666666666667
"191","cedartrait.us","BOUTELOUA GRACILIS",2,1.5,0,8,6.5,-2,8.5
"192","cedartrait.us","COREOPSIS PALMATA",17.25,9,25,13,4,7.75,-3.75
"193","cedartrait.us","DALEA VILLOSA",10.3333333333333,5.75,3.16666666666667,3,-2.75,-7.16666666666667,4.41666666666667
"194","cedartrait.us","KOELERIA MICRATHERA",2,2.5,5,4,1.5,3,-1.5
"195","cedartrait.us","LESPEDEZA CAPITATA",5.3,9,2.33333333333333,2.75,-6.25,-2.96666666666667,-3.28333333333333
"196","cedartrait.us","LIATRIS ASPERA",8.55555555555556,13.5,8.42857142857143,11.8,-1.7,-0.126984126984127,-1.57301587301587
"197","cedartrait.us","MONARDA FISTULOSA",3,11,2,8,-3,-1,-2
"198","cedartrait.us","PANICUM OLIGOSANTHES",2,3.5,0,2,-1.5,-2,0.5
"199","cedartrait.us","PETALOSTEMON CANDIDUS",1.625,1.5,1,1,-0.5,-0.625,0.125
"200","cedartrait.us","PETALOSTEMON PURPUREUS",9.1,8.7,5.77777777777778,5.66666666666667,-3.03333333333333,-3.32222222222222,0.28888888888889
"201","cedartrait.us","POA PRATENSIS",3.11111111111111,3.2,4.125,2.6,-0.6,1.01388888888889,-1.61388888888889
"202","cedartrait.us","ROSA ARKANSANA",9,11,12,15,4,3,1
"203","cedartrait.us","SCHIZACHYRIUM SCOPARIUM",9.55555555555556,7.4,10.1111111111111,6,-1.4,0.555555555555555,-1.95555555555556
"204","cedartrait.us","SOLIDAGO NEMORALIS",10.1428571428571,12,10,7,-5,-0.142857142857142,-4.85714285714286
"205","cedartrait.us","SOLIDAGO RIGIDA",12.3333333333333,9,20,9,0,7.66666666666667,-7.66666666666667
"206","cedartrait.us","SORGHASTRUM NUTANS",6.6,7.5,15,2,-5.5,8.4,-13.9
"207","cedartrait.us","TARAXACUM CAMPYLODES",1.25,1.33333333333333,0,5,3.66666666666667,-1.25,4.91666666666667
"208","cerrillos.ar","ARISTIDA MENDOCINA",17.19,20.42,11.67,19.3766666666667,-1.04333333333333,-5.52,4.47666666666667
"209","cerrillos.ar","BOUTELOUA ARISTIDOIDES",0,2.505,12.815,36.565,34.06,12.815,21.245
"210","cerrillos.ar","CORDOBIA ARGENTEA",20.005,6.04333333333333,16.4633333333333,8.75333333333333,2.71,-3.54166666666667,6.25166666666667
"211","cerrillos.ar","DIGITARIA CALIFORNICA",0.63,0,0.63,0,0,0,0
"212","cerrillos.ar","ERAGROSTIS ORTHOCLADA",0.63,0,4.38,0.63,0.63,3.75,-3.12
"213","cerrillos.ar","GAYA PARVIFLORA",5,4.38,2.505,1.88,-2.5,-2.495,-0.00499999999999989
"214","cerrillos.ar","GOUINIA PARAGUAYENSIS",2.505,8.13,2.815,7.5,-0.630000000000001,0.31,-0.940000000000001
"215","cerrillos.ar","LARREA DIVARICATA",36.0433333333333,17.0866666666667,32.2933333333333,19.5033333333333,2.41666666666667,-3.75,6.16666666666667
"216","cerrillos.ar","PAPPOPHORUM KRAPOVICKASII",0.63,14.17,0.836666666666667,17.5033333333333,3.33333333333333,0.206666666666667,3.12666666666667
"217","cerrillos.ar","PROSOPIS PUGIONATA",4.38,0,10,0,0,5.62,-5.62
"218","cerrillos.ar","PROSOPIS TORQUATA",3.75,4.38,3.75,0,-4.38,0,-4.38
"219","cerrillos.ar","SETARIA PAMPEANA",14.1666666666667,10,20.0033333333333,3.75,-6.25,5.83666666666667,-12.0866666666667
"220","cerrillos.ar","XEROALOYSIA OVATIFOLIA",0.63,0,1.255,0,0,0.625,-0.625
"221","chacra.ar","BACCHARIS GILLIESII",1.5,1.5,0,5,3.5,-1.5,5
"222","chacra.ar","NASSELLA LONGIGLUMIS",21.6666666666667,36.6666666666667,50,36.6666666666667,0,28.3333333333333,-28.3333333333333
"223","chacra.ar","NASSELLA TENUIS",10.5,5,1,3.5,-1.5,-9.5,8
"224","chacra.ar","PAPPOPHORUM MUCRONULATUM",5,3.25,0,13,9.75,-5,14.75
"225","chacra.ar","POA LIGULARIS",3.83333333333333,1.5,5,1,-0.5,1.16666666666667,-1.66666666666667
"226","chacra.ar","SCHINUS JOHNSTONII",1.5,1.5,1,0,-1.5,-0.5,-1
"227","charleville.au","EREMOPHILA GILESII",41.6666666666667,35,45,46.6666666666667,11.6666666666667,3.33333333333334,8.33333333333333
"228","ciempoz.es","CENTAUREA HYSSOPIFOLIA",0,2.04,0,1.5,-0.54,0,-0.54
"229","ciempoz.es","GYPSOPHILA STRUTHIUM",1.08,3.145,4.6725,8.034,4.889,3.5925,1.2965
"230","ciempoz.es","HELIANTHEMUM SQUAMATUM",0.67,1.1775,5.405,1.51416666666667,0.336666666666667,4.735,-4.39833333333333
"231","ciempoz.es","LEPIDIUM SUBULATUM",16.4085714285714,15.48,15.9407142857143,12.9378571428571,-2.54214285714286,-0.467857142857142,-2.07428571428572
"232","ciempoz.es","THYMUS VULGARIS",8.98,8.71,8.52375,7.91416666666667,-0.795833333333333,-0.456250000000001,-0.339583333333332
"233","cmss.us","ACHILLEA MILLEFOLIUM",0,20,2,0,-20,2,-22
"234","cmss.us","ASTRAGALUS MISER",2,10,6.33333333333333,2,-8,4.33333333333333,-12.3333333333333
"235","cmss.us","ELYMUS SPICATUS",27.5,5,12.5,10,5,-15,20
"236","cmss.us","EREMOGONE CONGESTA",3.5,25,2,5,-20,-1.5,-18.5
"237","cmss.us","FESTUCA IDAHOENSIS",13.5,5,27.5,25,20,14,6
"238","cmss.us","SEDUM LANCEOLATUM",14,20,2,2,-18,-12,-6
"239","cobar.au","CALOTIS LAPPULACEA",1,0,1.33333333333333,1,1,0.333333333333333,0.666666666666667
"240","cobar.au","EREMOPHILA DUTTONII",1,0,1,0,0,0,0
"241","cobar.au","PTILOTUS ATRIPLICIFOLIUS",3,1,8.25,1.5,0.5,5.25,-4.75
"242","cobar.au","SCLEROLAENA DIACANTHA",3.33333333333333,5,1,1,-4,-2.33333333333333,-1.66666666666667
"243","cobar.au","STIPA SCABRA",4,1,3.5,12,11,-0.5,11.5
"244","cobar.au","TRIPOGON LOLIIFORMIS",1,0,1.5,1,1,0.5,0.5
"245","cowidrt.ca","ACMISPON PARVIFLORUS",1,0,1,1,1,0,1
"246","cowidrt.ca","AIRA CARYOPHYLLEA",2,0,1,0,0,-1,1
"247","cowidrt.ca","ANTHOXANTHUM ODORATUM",8.5,7.2,3.33333333333333,3.4,-3.8,-5.16666666666667,1.36666666666667
"248","cowidrt.ca","BERBERIS NERVOSA",0,34,0,50,16,0,16
"249","cowidrt.ca","BROMUS STERILIS",12,1.5,13,3.33333333333333,1.83333333333333,1,0.833333333333333
"250","cowidrt.ca","CAMASSIA QUAMASH",3,1,3,5,4,0,4
"251","cowidrt.ca","CAREX INOPS",7.5,4,6.25,3,-1,-1.25,0.25
"252","cowidrt.ca","CERASTIUM ARVENSE",1.5,1.5,2,1.5,0,0.5,-0.5
"253","cowidrt.ca","CERASTIUM GLOMERATUM",3,1,1,1,0,-2,2
"254","cowidrt.ca","CYTISUS SCOPARIUS",5.5,5.66666666666667,3,0,-5.66666666666667,-2.5,-3.16666666666667
"255","cowidrt.ca","DACTYLIS GLOMERATA",13.8,6.2,6.75,4.25,-1.95,-7.05,5.1
"256","cowidrt.ca","DELPHINIUM MENZIESII",1.33333333333333,0,4.5,2,2,3.16666666666667,-1.16666666666667
"257","cowidrt.ca","DODECATHEON HENDERSONII",2.33333333333333,2.33333333333333,2.33333333333333,2.66666666666667,0.333333333333333,0,0.333333333333333
"258","cowidrt.ca","ELYMUS GLAUCUS",2,3.66666666666667,0,6,2.33333333333333,-2,4.33333333333333
"259","cowidrt.ca","GALIUM APARINE",1,2.5,1,1,-1.5,0,-1.5
"260","cowidrt.ca","GERANIUM MOLLE",1.5,2,3,3.5,1.5,1.5,0
"261","cowidrt.ca","LATHYRUS SPHAERICUS",7,5,2,1.5,-3.5,-5,1.5
"262","cowidrt.ca","LOMATIUM NUDICAULE",2,0,2,0,0,0,0
"263","cowidrt.ca","LOMATIUM UTRICULATUM",5,1.33333333333333,9.5,3,1.66666666666667,4.5,-2.83333333333333
"264","cowidrt.ca","MELICA SUBULATA",9.33333333333333,19,8.33333333333333,17.5,-1.5,-1,-0.5
"265","cowidrt.ca","POA PRATENSIS",6.2,2.4,3.8,2.8,0.4,-2.4,2.8
"266","cowidrt.ca","QUERCUS GARRYANA",3.5,4.5,3,4,-0.5,-0.5,0
"267","cowidrt.ca","RANUNCULUS OCCIDENTALIS",1,1,2,2,1,1,0
"268","cowidrt.ca","SANICULA CRASSICAULIS",2.33333333333333,5,2.5,7.33333333333333,2.33333333333333,0.166666666666667,2.16666666666667
"269","cowidrt.ca","SYMPHORICARPOS ALBUS",16.25,11,10.5,7.8,-3.2,-5.75,2.55
"270","cowidrt.ca","TRIFOLIUM DUBIUM",2,0,3,0,0,1,-1
"271","cowidrt.ca","VALERIANA samolifolia",1.33333333333333,5.25,4,13,7.75,2.66666666666667,5.08333333333333
"272","cowidrt.ca","VALERIANELLA LOCUSTA",1.8,2,1.8,2.5,0.5,0,0.5
"273","cowidrt.ca","VERONICA ARVENSIS",1.33333333333333,1.33333333333333,1,1,-0.333333333333333,-0.333333333333333,0
"274","cowidrt.ca","VICIA HIRSUTA",3.6,3.4,1.8,2.25,-1.15,-1.8,0.65
"275","cowidrt.ca","VICIA SATIVA",2.8,2.4,1,1.75,-0.65,-1.8,1.15
"276","credoj.au","CEPHALIPTERUM DRUMMONDII",0.5,0,0.5,0.5,0.5,0,0.5
"277","credoj.au","CUSCUTA PLANIFLORA",0.625,1,0.5,0.5,-0.5,-0.125,-0.375
"278","credoj.au","ENNEAPOGON CAERULESCENS",17,16.5,8.4,7.33333333333333,-9.16666666666667,-8.6,-0.566666666666668
"279","credoj.au","ENNEAPOGON POLYPHYLLUS",10.25,0.75,5.25,0,-0.75,-5,4.25
"280","credoj.au","ERAGROSTIS DIELSII",5,15,1,0,-15,-4,-11
"281","credoj.au","ERODIUM AUREUM",0.5,0,0.5,0,0,0,0
"282","credoj.au","EUPHORBIA DRUMMONDII",0.5,0,0,0.5,0.5,-0.5,1
"283","credoj.au","GOODENIA MIMULOIDES",0.5,0.5,0.5,0,-0.5,0,-0.5
"284","credoj.au","MAIREANA CARNOSA",0.7,0.6,4.8,1.4,0.8,4.1,-3.3
"285","credoj.au","MAIREANA SEDIFOLIA",1.4,5.375,1.875,3.4,-1.975,0.475,-2.45
"286","credoj.au","MAIREANA TRICHOPTERA",0.5,0.5,0.5,0.5,0,0,0
"287","credoj.au","MEDICAGO MINIMA",0.666666666666667,0.5,8,0,-0.5,7.33333333333333,-7.83333333333333
"288","credoj.au","PTILOTUS OBOVATUS",1.5,1,2.25,0.75,-0.25,0.75,-1
"289","credoj.au","RYTIDOSPERMA CAESPITOSUM",1,0.7,1.125,2.33333333333333,1.63333333333333,0.125,1.50833333333333
"290","credoj.au","SALVIA VERBENACA",2.2,0.8,0.6,0.5,-0.3,-1.6,1.3
"291","credoj.au","SCLEROLAENA OBLIQUICUSPIS",0.5,0.5,0.5,0,-0.5,0,-0.5
"292","credoj.au","SIDA INTRICATA",1.25,11,0,0.5,-10.5,-1.25,-9.25
"293","credoj.au","SIDA SPODOCHROMA",0,0.5,0,0.5,0,0,0
"294","credoj.au","STIPA NITIDA",0.5,6.83333333333333,0.5,8.5,1.66666666666667,0,1.66666666666667
"295","credoj.au","VITTADINIA EREMAEA",2,1.3,14.1,3.5,2.2,12.1,-9.9
"296","credom.au","ARISTIDA CONTORTA",0,5,0,0.5,-4.5,0,-4.5
"297","credom.au","CENTAUREA MELITENSIS",0.5,0.5,0.5,0,-0.5,0,-0.5
"298","credom.au","CEPHALIPTERUM DRUMMONDII",0.5,1,20,1,0,19.5,-19.5
"299","credom.au","CUSCUTA PLANIFLORA",0,0.5,0.5,1,0.5,0.5,0
"300","credom.au","ENNEAPOGON CAERULESCENS",6.1,1.16666666666667,11,7.5,6.33333333333333,4.9,1.43333333333333
"301","credom.au","ENNEAPOGON POLYPHYLLUS",1.125,0.75,0.666666666666667,1,0.25,-0.458333333333333,0.708333333333333
"302","credom.au","ERAGROSTIS DIELSII",10.5,1,1.25,0.5,-0.5,-9.25,8.75
"303","credom.au","ERODIUM AUREUM",0.5,0.5,0.5,0,-0.5,0,-0.5
"304","credom.au","EUPHORBIA DRUMMONDII",0,0.5,0.5,0.5,0,0.5,-0.5
"305","credom.au","GOODENIA MIMULOIDES",0.5,0.5,0.5,0.5,0,0,0
"306","credom.au","MAIREANA CARNOSA",0.5,0,0.5,0.5,0.5,0,0.5
"307","credom.au","MAIREANA SEDIFOLIA",10.1666666666667,1,10.25,1,0,0.0833333333333339,-0.0833333333333339
"308","credom.au","MAIREANA TRICHOPTERA",0.5,0.5,0.5,0.5,0,0,0
"309","credom.au","MEDICAGO MINIMA",0.5,0.5,5.75,2,1.5,5.25,-3.75
"310","credom.au","PASPALIDIUM CLEMENTII",1,0.5,0.5,0,-0.5,-0.5,0
"311","credom.au","PTILOTUS HOLOSERICEUS",0.5,0,0.5,0,0,0,0
"312","credom.au","PTILOTUS OBOVATUS",0.5,0.75,0.5,1.25,0.5,0,0.5
"313","credom.au","RYTIDOSPERMA CAESPITOSUM",0.75,0.5,0.625,0.5,0,-0.125,0.125
"314","credom.au","SALVIA VERBENACA",0.7,1.6,1.4,0.8,-0.8,0.7,-1.5
"315","credom.au","SONCHUS OLERACEUS",0.5,0,1,0,0,0.5,-0.5
"316","credom.au","STIPA NITIDA",0.75,5.5,0.5,4.125,-1.375,-0.25,-1.125
"317","credom.au","STIPA elegantissima",0.5,0,0.5,0,0,0,0
"318","credom.au","VITTADINIA EREMAEA",0.625,0.5,0.5,0.5,0,-0.125,0.125
"319","credom.au","VITTADINIA HUMERATA",0.5,0,0.5,0,0,0,0
"320","ebro.es","BRACHYPODIUM RETUSUM",0.85085,0,0.863067333,0,0,0.0122173330000001,-0.0122173330000001
"321","ebro.es","GENISTA SCORPIUS",15.9444926676667,5.190912221,14.5877868876667,5.560632001,0.36971978,-1.35670578,1.72642556
"322","ebro.es","GYPSOPHILA STRUTHIUM",0,4.859880667,0,2.835730333,-2.024150334,0,-2.024150334
"323","ebro.es","HELIANTHEMUM LAVANDULIFOLIUM",1.612688,2.12697955566667,2.534224,2.69166761133333,0.564688055666667,0.921536,-0.356847944333333
"324","ebro.es","HELIANTHEMUM MARIFOLIUM",0.817397777666667,0.913100222333333,1.09352405566667,1.18580855566667,0.272708333333333,0.276126278,-0.00341794466666678
"325","ebro.es","HELIANTHEMUM SQUAMATUM",0,0.434588,0,0.371756,-0.062832,0,-0.062832
"326","ebro.es","HELICHRYSUM STOECHAS",0.0270526665,0.1090833335,0.0281435,0.2258025,0.1167191665,0.0010908335,0.115628333
"327","ebro.es","HERNIARIA FRUTICOSA",0.589631778,0.464549555666667,0.857831333333333,0.613775555666667,0.149226,0.268199555333333,-0.118973555333333
"328","ebro.es","JUNIPERUS PHOENICEA",0.042760667,0.70686,0,0.623084,-0.0837760000000001,-0.042760667,-0.0410153330000001
"329","ebro.es","LINUM SUFFRUTICOSUM",1.02625600033333,1.37270466666667,2.26493361133333,2.03222250033333,0.659517833666667,1.238677611,-0.579159777333333
"330","ebro.es","POLYGALA RUPESTRIS",0.0145444446666667,0.125664,0.1915503335,0.494511111333333,0.368847111333333,0.177005888833333,0.1918412225
"331","ebro.es","ROSMARINUS OFFICINALIS",24.4215766666667,17.9405722233333,24.4980451783333,19.7574642233333,1.816892,0.0764685116666648,1.74042348833333
"332","ebro.es","TEUCRIUM CAPITATUM",0.564906222333333,0.0728676665,1.13764135133333,0.152425777666667,0.0795581111666667,0.572735129,-0.493177017833333
"333","ebro.es","THYMELAEA TINCTORIA",0,3.359766667,0.401426667,3.45576,0.095993333,0.401426667,-0.305433334
"334","ebro.es","THYMUS VULGARIS",1.79245733333333,1.86081622233333,1.88843358233333,2.00895138866667,0.148135166333333,0.095976249,0.0521589173333332
"335","elvadrt.ee","ACHILLEA MILLEFOLIUM",5,3.66666666666667,2,6.66666666666667,3,-3,6
"336","elvadrt.ee","AGRIMONIA EUPATORIA",0,1,0,1,0,0,0
"337","elvadrt.ee","ANTHOXANTHUM ODORATUM",1.66666666666667,7.66666666666667,1.33333333333333,1.5,-6.16666666666667,-0.333333333333333,-5.83333333333333
"338","elvadrt.ee","ARTEMISIA VULGARIS",0,1,1,0,-1,1,-2
"339","elvadrt.ee","BRIZA MEDIA",21.6666666666667,23.3333333333333,23.3333333333333,25,1.66666666666667,1.66666666666666,3.5527136788005e-15
"340","elvadrt.ee","CAMPANULA PATULA",0,2,0,1,-1,0,-1
"341","elvadrt.ee","CERASTIUM ARVENSE",1,1,1,1,0,0,0
"342","elvadrt.ee","DACTYLIS GLOMERATA",16.6666666666667,15,11.6666666666667,11.6666666666667,-3.33333333333333,-5,1.66666666666667
"343","elvadrt.ee","EQUISETUM ARVENSE",2,1.66666666666667,1,1.33333333333333,-0.333333333333333,-1,0.666666666666667
"344","elvadrt.ee","FESTUCA PRATENSIS",5,5.5,6.66666666666667,7.33333333333333,1.83333333333333,1.66666666666667,0.166666666666666
"345","elvadrt.ee","FESTUCA RUBRA",1.33333333333333,2,3,3,1,1.66666666666667,-0.666666666666667
"346","elvadrt.ee","FRAGARIA VESCA",14.3333333333333,12.5,14,12.3333333333333,-0.166666666666666,-0.333333333333334,0.166666666666668
"347","elvadrt.ee","HELICTOTRICHON PUBESCENS",4,7.5,1.33333333333333,1.5,-6,-2.66666666666667,-3.33333333333333
"348","elvadrt.ee","LATHYRUS PRATENSIS",3,3,20,5,2,17,-15
"349","elvadrt.ee","LEONTODON HISPIDUS",13.3333333333333,5.66666666666667,6.33333333333333,4,-1.66666666666667,-7,5.33333333333333
"350","elvadrt.ee","LINUM CATHARTICUM",0,1,1,1.5,0.5,1,-0.5
"351","elvadrt.ee","LUZULA MULTIFLORA",5.66666666666667,6,2,3,-3,-3.66666666666667,0.666666666666667
"352","elvadrt.ee","MEDICAGO LUPULINA",25,21.6666666666667,7.33333333333333,3,-18.6666666666667,-17.6666666666667,-1
"353","elvadrt.ee","POA ANGUSTIFOLIA",1,1,1,1.5,0.5,0,0.5
"354","elvadrt.ee","POTENTILLA ANSERINA",1,6,1,1,-5,0,-5
"355","elvadrt.ee","RANUNCULUS ACRIS",4.33333333333333,1.66666666666667,2,2,0.333333333333333,-2.33333333333333,2.66666666666667
"356","elvadrt.ee","RUMEX ACETOSA",1,1,1,1,0,0,0
"357","elvadrt.ee","STELLARIA GRAMINEA",1.5,2,1,1,-1,-0.5,-0.5
"358","elvadrt.ee","TRIFOLIUM PRATENSE",5,0,2,0,0,-3,3
"359","elvadrt.ee","TRIFOLIUM REPENS",1,15,1,2,-13,0,-13
"360","elvadrt.ee","VERONICA CHAMAEDRYS",1,1,1,1.5,0.5,0,0.5
"361","elvadrt.ee","VICIA CRACCA",6.66666666666667,5,4.33333333333333,1.33333333333333,-3.66666666666667,-2.33333333333333,-1.33333333333333
"362","elvadrt.ee","VICIA SEPIUM",2,2,2.33333333333333,1.66666666666667,-0.333333333333333,0.333333333333333,-0.666666666666667
"363","esw.ca","DAUCUS CAROTA",1,0,0,1,1,-1,2
"364","esw.ca","ERIGERON ANNUUS",1,1,1,1,0,0,0
"365","esw.ca","MEDICAGO LUPULINA",1,1,2,1.5,0.5,1,-0.5
"366","esw.ca","SOLIDAGO CANADENSIS",68.3333333333333,60,50,27,-33,-18.3333333333333,-14.6666666666667
"367","esw.ca","SONCHUS ARVENSIS",5,4,3,2,-2,-2,0
"368","esw.ca","SYMPHYOTRICHUM LANCEOLATUM",12.5,8,3,1,-7,-9.5,2.5
"369","esw.ca","SYMPHYOTRICHUM NOVAE-ANGLIAE",7.5,1,1,1,0,-6.5,6.5
"370","esw.ca","TARAXACUM TARAXACUM",1,1,1,4.33333333333333,3.33333333333333,0,3.33333333333333
"371","esw.ca","TRIFOLIUM PRATENSE",10.3333333333333,11.6666666666667,3,12.3333333333333,0.666666666666668,-7.33333333333333,8
"372","esw.ca","VITIS VULPINA",0,3,0,7,4,0,4
"373","ethadb.au","ARISTIDA HOLATHERA",2.75,1.5,14.5,3,1.5,11.75,-10.25
"374","ethadb.au","ERIACHNE ARISTIDEA",1.5,4,4,2,-2,2.5,-4.5
"375","ethadb.au","OLDENLANDIA PTEROSPORA",0,3.25,0,4.25,1,0,1
"376","ethadb.au","PTILOTUS POLYSTACHYUS",2,2.5,0,21,18.5,-2,20.5
"377","ethadb.au","TRIODIA BASEDOWII",7,11,36,31.5,20.5,29,-8.5
"378","ethadb.au","YAKIRRA AUSTRALIENSIS",4,0,4,1,1,0,1
"379","ethadn.au","ARISTIDA HOLATHERA",0,4,0,2.5,-1.5,0,-1.5
"380","ethadn.au","TRIODIA BASEDOWII",34.6666666666667,37,49.3333333333333,49.3333333333333,12.3333333333333,14.6666666666667,-2.33333333333334
"381","falls.au","ASPERULA GUNNII",0.5,0.5,0.5,0,-0.5,0,-0.5
"382","falls.au","ASTEROLASIA TRYMALIOIDES",0.5,0.75,0.666666666666667,0.75,0,0.166666666666667,-0.166666666666667
"383","falls.au","BRACHYSCOME DECIPIENS",0.666666666666667,0,0.5,0,0,-0.166666666666667,0.166666666666667
"384","falls.au","CAREX BREVICULMIS",0.5,0.75,0.666666666666667,0.75,0,0.166666666666667,-0.166666666666667
"385","falls.au","CAREX HEBES",0.5,0.666666666666667,0.6,0.5,-0.166666666666667,0.1,-0.266666666666667
"386","falls.au","CELMISIA COSTINIANA",43.3333333333333,50,43.3333333333333,48.3333333333333,-1.66666666666666,0,-1.66666666666666
"387","falls.au","CHAEROPHYLLUM ERIOPODUM",0.666666666666667,0.5,0.5,0,-0.5,-0.166666666666667,-0.333333333333333
"388","falls.au","CRASPEDIA AURANTIA",2,0,4,0,0,2,-2
"389","falls.au","ERIGERON BELLIDIOIDES",0.5,1,0.5,1,0,0,0
"390","falls.au","GREVILLEA AUSTRALIS",1,0.5,1,1,0.5,0,0.5
"391","falls.au","HYPOCHAERIS RADICATA",0.666666666666667,0.666666666666667,0.9,0.833333333333333,0.166666666666667,0.233333333333333,-0.0666666666666667
"392","falls.au","MELICYTUS DENTATUS",0.5,0.5,0.5,0,-0.5,0,-0.5
"393","falls.au","MICROSERIS LANCEOLATA",0,1,0,1,0,0,0
"394","falls.au","PHEBALIUM SQUAMULOSUM",1.33333333333333,0.5,1.33333333333333,1,0.5,0,0.5
"395","falls.au","PIMELEA ALPINA",2,0.833333333333333,1.83333333333333,1.16666666666667,0.333333333333333,-0.166666666666667,0.5
"396","falls.au","PLANTAGO EURYPHYLLA",1,0.5,1,1,0.5,0,0.5
"397","falls.au","POA HIEMATA",37.5,33.3333333333333,45.8333333333333,41.6666666666667,8.33333333333333,8.33333333333334,-7.105427357601e-15
"398","falls.au","RANUNCULUS VICTORIENSIS",0.5,0,0.5,0,0,0,0
"399","falls.au","RUMEX ACETOSELLA",0.583333333333333,0.75,0.833333333333333,0.75,0,0.25,-0.25
"400","falls.au","RYTIDOSPERMA NUDIFLORUM",2,0,1,0,0,-1,1
"401","falls.au","TRACHYMENE HUMILIS",5,0,7,0,0,2,-2
"402","falls.au","TRISETUM SPICATUM",0.5,0.5,0.5,1,0.5,0,0.5
"403","falls.au","VIOLA BETONICIFOLIA",0.5,0.5,0.5,0.5,0,0,0
"404","gmgranite.us","ACMISPON STRIGOSUS",2.21428571428571,1.33333333333333,0,0.5,-0.833333333333333,-2.21428571428571,1.38095238095238
"405","gmgranite.us","AMSINCKIA TESSELLATA",0,0.5,0.75,1,0.5,0.75,-0.25
"406","gmgranite.us","BROMUS RUBENS",0.5,0,0.5,0.5,0.5,0,0.5
"407","gmgranite.us","CRYPTANTHA CIRCUMSCISSA",0.5,0.5,0.833333333333333,0.625,0.125,0.333333333333333,-0.208333333333333
"408","gmgranite.us","DESCURAINIA PINNATA",0,1.5,0.5,0.5,-1,0.5,-1.5
"409","gmgranite.us","ERIOGONUM MACULATUM",0.5,0.5,0.5,0.5,0,0,0
"410","gmgranite.us","ERIOPHYLLUM WALLACEI",0.5,0,0.5,0.5,0.5,0,0.5
"411","gmgranite.us","ERODIUM CICUTARIUM",3.14285714285714,2.42857142857143,2.14285714285714,6.71428571428571,4.28571428571429,-1,5.28571428571429
"412","gmgranite.us","PECTOCARYA HETEROCARPA",1,0.5,3.07142857142857,2.8,2.3,2.07142857142857,0.228571428571428
"413","gmgranite.us","PECTOCARYA PLATYCARPA",0.5,0.5,0,0.5,0,-0.5,0.5
"414","gmgranite.us","PECTOCARYA RECURVATA",0.5,0.5,0,1.5,1,-0.5,1.5
"415","gmgranite.us","SCHISMUS BARBATUS",68.8571428571429,65.7142857142857,3.14285714285714,3.71428571428571,-62,-65.7142857142857,3.71428571428573
"416","gmmolar.us","AMSINCKIA TESSELLATA",0.625,1.375,1,0.75,-0.625,0.375,-1
"417","gmmolar.us","BROMUS RUBENS",0.866666666666667,0.85,1.28571428571429,1.42857142857143,0.578571428571429,0.419047619047619,0.15952380952381
"418","gmmolar.us","CAMISSONIA PALMERI",0.5,0.5,0.5,0.5,0,0,0
"419","gmmolar.us","CENTROSTEGIA THURBERI",0.5,0.5,0.5,0.5,0,0,0
"420","gmmolar.us","CRYPTANTHA CIRCUMSCISSA",0.583333333333333,0.642857142857143,0.5,0.7,0.057142857142857,-0.0833333333333334,0.14047619047619
"421","gmmolar.us","CRYPTANTHA PTEROCARYA",0.942857142857143,0.666666666666667,0.5,0.6,-0.0666666666666667,-0.442857142857143,0.376190476190476
"422","gmmolar.us","DICHELOSTEMMA CAPITATUM",0.583333333333333,0.5,0.5,0.5,0,-0.0833333333333334,0.0833333333333334
"423","gmmolar.us","ERIOGONUM MACULATUM",0.5,0.5,0.5,1,0.5,0,0.5
"424","gmmolar.us","ERIOGONUM PUSILLUM",0,0.5,0,0.5,0,0,0
"425","gmmolar.us","ERIOPHYLLUM WALLACEI",2,2.03333333333333,1.85714285714286,0.571428571428571,-1.46190476190476,-0.142857142857143,-1.31904761904762
"426","gmmolar.us","ERODIUM CICUTARIUM",4.28571428571429,4.92857142857143,1.92857142857143,3.92857142857143,-1,-2.35714285714286,1.35714285714286
"427","gmmolar.us","EUPHORBIA ALBOMARGINATA",0,0.5,0,0.5,0,0,0
"428","gmmolar.us","LUPINUS CONCINNUS",0.5,0.5,0,0.5,0,-0.5,0.5
"429","gmmolar.us","PECTOCARYA HETEROCARPA",3.04285714285714,1.01666666666667,1.08333333333333,1.75,0.733333333333333,-1.95952380952381,2.69285714285714
"430","gmmolar.us","PECTOCARYA PLATYCARPA",1.11666666666667,0.6,0.5,0.5,-0.1,-0.616666666666667,0.516666666666667
"431","gmmolar.us","PECTOCARYA RECURVATA",2.18571428571429,1.34285714285714,0.5,1,-0.342857142857143,-1.68571428571429,1.34285714285714
"432","gmmolar.us","PECTOCARYA SETOSA",1.325,0.625,0.5,0,-0.625,-0.825,0.2
"433","gmmolar.us","PLAGIOBOTHRYS ARIZONICUS",0.5,0.5,0.75,0.833333333333333,0.333333333333333,0.25,0.0833333333333334
"434","gmmolar.us","SCHISMUS BARBATUS",23.4285714285714,24.7142857142857,1,0,-24.7142857142857,-22.4285714285714,-2.28571428571429
"435","gmmolar.us","TOXICOSCORDION BREVIBRACTEATUM",0,0.5,0,0.5,0,0,0
"436","hard.us","ACHILLEA MILLEFOLIUM",0,6.25,1,2,-4.25,1,-5.25
"437","hard.us","CHRYSOTHAMNUS VISCIDIFLORUS",16.6666666666667,25,9,19,-6,-7.66666666666667,1.66666666666667
"438","hard.us","PSEUDOROEGNERIA SPICATA",25,34.375,9,1,-33.375,-16,-17.375
"439","hard.us","PURSHIA TRIDENTATA",0,28.125,0,18,-10.125,0,-10.125
"440","hoide.de","BETULA PENDULA",1,0,5,0,0,4,-4
"441","hoide.de","CALLUNA VULGARIS",75,77.5,74.6666666666667,85,7.5,-0.333333333333329,7.83333333333333
"442","hoide.de","CAREX ARENARIA",4.5,3.5,2.66666666666667,1.66666666666667,-1.83333333333333,-1.83333333333333,2.22044604925031e-16
"443","hoide.de","DESCHAMPSIA FLEXUOSA",3.5,3.5,8.66666666666667,3.66666666666667,0.166666666666667,5.16666666666667,-5
"444","hoide.de","EMPETRUM NIGRUM",2,0,10,0,0,8,-8
"445","hoide.de","SALIX REPENS",1,25,1,15,-10,0,-10
"446","hyide.de","CALLUNA VULGARIS",80,73.3333333333333,81.6666666666667,65.6666666666667,-7.66666666666666,1.66666666666667,-9.33333333333333
"447","hyide.de","CAREX ARENARIA",3,3.33333333333333,2,1.33333333333333,-2,-1,-1
"448","hyide.de","DESCHAMPSIA FLEXUOSA",0,1,1,1,0,1,-1
"449","jilpanger.au","ACAENA ECHINATA",1.8,0.5,5.3,0.5,0,3.5,-3.5
"450","jilpanger.au","AIRA ELEGANTISSIMA",0.75,0.5,0.625,0.5,0,-0.125,0.125
"451","jilpanger.au","APHELIA PUMILIO",0.5,0.5,0.5,0,-0.5,0,-0.5
"452","jilpanger.au","ASTROLOMA HUMIFUSUM",0.5,0,0.5,0,0,0,0
"453","jilpanger.au","BLENNOSPORA DRUMMONDII",0.5,0.5,0.5,0.5,0,0,0
"454","jilpanger.au","BRACHYSCOME PERPUSILLA",0.6,0.5,0.5,0,-0.5,-0.1,-0.4
"455","jilpanger.au","CALADENIA CARNEA",0.5,0,0.5,0,0,0,0
"456","jilpanger.au","CALADENIA TENTACULATA",1,0,0.5,0,0,-0.5,0.5
"457","jilpanger.au","CALYTRIX TETRAGONA",1,5.5,0.75,8.5,3,-0.25,3.25
"458","jilpanger.au","CHAMAESCILLA CORYMBOSA",0.75,0.5,1.75,0.5,0,1,-1
"459","jilpanger.au","CHRYSOCEPHALUM APICULATUM",10,1,10,10,9,0,9
"460","jilpanger.au","Centrolepis ARISTATA",0.6,1,0.5,0.5,-0.5,-0.1,-0.4
"461","jilpanger.au","Centrolepis POLYGYNA",0.5,0,0.5,0,0,0,0
"462","jilpanger.au","Centrolepis STRIGOSA",0.5,0.5,0.5,0.5,0,0,0
"463","jilpanger.au","DICHOPOGON STRICTUS",0.7,0.666666666666667,0.75,0.833333333333333,0.166666666666667,0.05,0.116666666666667
"464","jilpanger.au","DROSERA ABERRANS",1.625,0.5,0.5,0,-0.5,-1.125,0.625
"465","jilpanger.au","DROSERA GLANDULIGERA",0.5,0.5,0.5,0.5,0,0,0
"466","jilpanger.au","DROSERA HOOKERI",0.75,0.5,0.5,0.5,0,-0.25,0.25
"467","jilpanger.au","GNEPHOSIS DRUMMONDII",0.5,1,0.5,0.5,-0.5,0,-0.5
"468","jilpanger.au","GOODENIA BLACKIANA",0.5,0,0.75,0,0,0.25,-0.25
"469","jilpanger.au","HYALOSPERMA DEMISSUM",0.5,0.5,0.7,0.5,0,0.2,-0.2
"470","jilpanger.au","HYDROCOTYLE FOVEOLATA",0.5,0.5,0.5,0.5,0,0,0
"471","jilpanger.au","HYDROCOTYLE SETULOSA",1,0,0.5,0,0,-0.5,0.5
"472","jilpanger.au","HYPOCHAERIS GLABRA",0.7,0.5,0.5,0.5,0,-0.2,0.2
"473","jilpanger.au","HYPOLAENA FASTIGIATA",0,0.5,0.5,0.5,0,0.5,-0.5
"474","jilpanger.au","ISOLEPIS MARGINATA",0.5,0.5,0.5,0,-0.5,0,-0.5
"475","jilpanger.au","LEPIDOSPERMA CARPHOIDES",5,0,5,0.5,0.5,0,0.5
"476","jilpanger.au","LEPIDOSPERMA CONGESTUM",0.5,0.5,0.5,0.5,0,0,0
"477","jilpanger.au","LEVENHOOKIA DUBIA",0.5,0.5,0.5,0,-0.5,0,-0.5
"478","jilpanger.au","LOMANDRA JUNCEA",0.5,0.5,0.5,0,-0.5,0,-0.5
"479","jilpanger.au","LOMANDRA NANA",0.666666666666667,0.5,0.5,0.666666666666667,0.166666666666667,-0.166666666666667,0.333333333333333
"480","jilpanger.au","MICROSERIS SCAPIGERA",0.5,0.5,0.5,0.5,0,0,0
"481","jilpanger.au","MILLOTIA MUELLERI",0.5,0.5,0.666666666666667,0.5,0,0.166666666666667,-0.166666666666667
"482","jilpanger.au","MILLOTIA TENUIFOLIA",0.5,0.5,0.666666666666667,0.5,0,0.166666666666667,-0.166666666666667
"483","jilpanger.au","NEURACHNE ALOPECUROIDEA",0.833333333333333,2,0.666666666666667,6.66666666666667,4.66666666666667,-0.166666666666667,4.83333333333333
"484","jilpanger.au","PELARGONIUM RODNEYANUM",0,0.5,0.5,1,0.5,0.5,0
"485","jilpanger.au","PIMELEA HUMILIS",1,1,5,0.5,-0.5,4,-4.5
"486","jilpanger.au","QUINETIA URVILLEI",0.5,0.5,0.5,0.5,0,0,0
"487","jilpanger.au","RANUNCULUS ROBERTSONII",0,0.5,0.5,0.5,0,0.5,-0.5
"488","jilpanger.au","ROMULEA ROSEA",0.5,0.5,0.5,0.5,0,0,0
"489","jilpanger.au","SCHOENUS APOGON",0.625,1,0.625,0.5,-0.5,0,-0.5
"490","jilpanger.au","SILOXERUS MULTIFLORUS",0.625,0.5,2,0,-0.5,1.375,-1.875
"491","jilpanger.au","STIPA VAGINATA",0.5,0.5,0.5,0.5,0,0,0
"492","jilpanger.au","THYSANOTUS PATERSONII",0.5,0,0.5,0.5,0.5,0,0.5
"493","jilpanger.au","THYSANOTUS TUBEROSUS",0.5,0,0.5,0.5,0.5,0,0.5
"494","jilpanger.au","VULPIA MYUROS",0.5,1,0.5,0.5,-0.5,0,-0.5
"495","jilpanger.au","WAHLENBERGIA GRACILENTA",0.5,0.5,0.5,0,-0.5,0,-0.5
"496","jilpanger.au","WAHLENBERGIA STRICTA",0.5,0.5,0.5,0.5,0,0,0
"497","jilpanger.au","WURMBEA DIOICA",0.5,0,0.5,0,0,0,0
"498","jorndrt.us","CHONDROSUM ERIOPODUM",39.3333333333333,29.6666666666667,31.6666666666667,27.3333333333333,-2.33333333333334,-7.66666666666667,5.33333333333333
"499","jorndrt.us","KRAMERIA LANCEOLATA",0,7,0,2.6,-4.4,0,-4.4
"500","jorndrt.us","PROSOPIS GLANDULOSA",8,4,7.33333333333333,3.33333333333333,-0.666666666666667,-0.666666666666667,4.44089209850063e-16
"501","jorndrt.us","SENNA BAUHINIOIDES",0.75,1,0.2,1.25,0.25,-0.55,0.8
"502","jorndrt.us","SPOROBOLUS FLEXUOSUS",1,0,1.65,12,12,0.65,11.35
"503","jrnchi.us","ACOURTIA NANA",0.9663452,2.4220811,1.1698078,0.6207045,-1.8013766,0.2034626,-2.0048392
"504","jrnchi.us","ARISTIDA PURPUREA",2.6915114,0.6081433,1.0141988,0,-0.6081433,-1.6773126,1.0691693
"505","jrnchi.us","CHONDROSUM ERIOPODUM",14.49760331,15.41230289,4.50248912,0.781912216666667,-14.6303906733333,-9.99511419,-4.63527648333333
"506","jrnchi.us","CROTON POTTSII",4.85079431428571,2.41631066666667,2.71429473333333,1.746526875,-0.669783791666666,-2.13649958095238,1.46671578928571
"507","jrnchi.us","ERIOGONUM ANNUUM",1.3568186,0.85997535,0.4830918,0,-0.85997535,-0.8737268,0.01375145
"508","jrnchi.us","GUTIERREZIA SAROTHRAE",0,1.44816085,0,2.4305556,0.98239475,0,0.98239475
"509","jrnchi.us","PHYSALIS HEDERIFOLIA",0.69929288,0.41075845,0.44768225,0.0687285,-0.34202995,-0.25161063,-0.09041932
"510","jrnchi.us","PROSOPIS GLANDULOSA",19.93100379,20.85139756,23.87850584,25.76329583,4.91189827,3.94750205,0.964396220000001
"511","jrnchi.us","SENNA BAUHINIOIDES",0,0.832799533333333,0,0.5442177,-0.288581833333333,0,-0.288581833333333
"512","jrnchi.us","SOLANUM ELAEAGNIFOLIUM",0.1380262,0,0.210084,0,0,0.0720578,-0.0720578
"513","jrnchi.us","ZINNIA GRANDIFLORA",0.8350731,0,0.8403361,0,0,0.00526300000000002,-0.00526300000000002
"514","kernb.ca","ACHILLEA MILLEFOLIUM",1,2,1.33333333333333,2.66666666666667,0.666666666666667,0.333333333333333,0.333333333333333
"515","kernb.ca","AGROSTIS SCABRA",3.5,2.33333333333333,3,1.33333333333333,-1,-0.5,-0.5
"516","kernb.ca","ANDROSACE SEPTENTRIONALIS",0.5,0.5,0.5,0.5,0,0,0
"517","kernb.ca","ANEMONE PATENS",1.25,0,0.75,0,0,-0.5,0.5
"518","kernb.ca","ARTEMISIA ABSINTHIUM",0.5,0,3,0,0,2.5,-2.5
"519","kernb.ca","ARTEMISIA FRIGIDA",2.16666666666667,0.5,32,6.66666666666667,6.16666666666667,29.8333333333333,-23.6666666666667
"520","kernb.ca","ARTEMISIA LUDOVICIANA",1,12.5,1,3,-9.5,0,-9.5
"521","kernb.ca","ASTRAGALUS FLEXUOSUS",0,2,0,4,2,0,2
"522","kernb.ca","CAMPANULA ROTUNDIFOLIA",0,1,0,0.5,-0.5,0,-0.5
"523","kernb.ca","CERASTIUM ARVENSE",2,0.5,2.5,1.25,0.75,0.5,0.25
"524","kernb.ca","ELYMUS TRACHYCAULUS",0.5,3,0.5,7,4,0,4
"525","kernb.ca","FESTUCA ALTAICA",10.3333333333333,6.33333333333333,9,22.3333333333333,16,-1.33333333333333,17.3333333333333
"526","kernb.ca","GALIUM BOREALE",5,0,8,0.5,0.5,3,-2.5
"527","kernb.ca","LACTUCA TATARICA",0.5,2,2,1.25,-0.75,1.5,-2.25
"528","kernb.ca","MUHLENBERGIA RICHARDSONIS",2,0,3,0,0,1,-1
"529","kernb.ca","POA PRATENSIS",0,5.25,22.6666666666667,18.3333333333333,13.0833333333333,22.6666666666667,-9.58333333333334
"530","kernb.ca","ROSA ARKANSANA",0.75,2.5,1,5.66666666666667,3.16666666666667,0.25,2.91666666666667
"531","kernb.ca","SOLIDAGO MISSOURIENSIS",0.5,0,0.75,1,1,0.25,0.75
"532","kernb.ca","SONCHUS ARVENSIS",1.5,0.833333333333333,1,1.25,0.416666666666667,-0.5,0.916666666666667
"533","kernb.ca","STIPA CURTISETA",6.5,0.5,2.33333333333333,1,0.5,-4.16666666666667,4.66666666666667
"534","kernb.ca","SYMPHYOTRICHUM ERICOIDES",2,0.5,5,2,1.5,3,-1.5
"535","kernb.ca","TARAXACUM TARAXACUM",0.666666666666667,1,0.833333333333333,0.5,-0.5,0.166666666666667,-0.666666666666667
"536","kernb.ca","VICIA AMERICANA",0.5,0.5,0.5,1,0.5,0,0.5
"537","kernnu.ca","ACHILLEA MILLEFOLIUM",0.5,0,0.5,0,0,0,0
"538","kernnu.ca","ARTEMISIA FRIGIDA",2,0,2,0,0,0,0
"539","kernnu.ca","ARTEMISIA LUDOVICIANA",1,2,0.75,3,1,-0.25,1.25
"540","kernnu.ca","ASTRAGALUS FLEXUOSUS",0,0.5,0,0.833333333333333,0.333333333333333,0,0.333333333333333
"541","kernnu.ca","CAMPANULA ROTUNDIFOLIA",0.5,0.5,0.5,0.5,0,0,0
"542","kernnu.ca","CERASTIUM ARVENSE",0,0.5,0.5,0.75,0.25,0.5,-0.25
"543","kernnu.ca","CIRSIUM ARVENSE",1.5,2.66666666666667,2.66666666666667,0.75,-1.91666666666667,1.16666666666667,-3.08333333333333
"544","kernnu.ca","ELYMUS TRACHYCAULUS",0.833333333333333,3,3.25,1.83333333333333,-1.16666666666667,2.41666666666667,-3.58333333333333
"545","kernnu.ca","FESTUCA ALTAICA",10.3333333333333,11,48.3333333333333,28.3333333333333,17.3333333333333,38,-20.6666666666667
"546","kernnu.ca","GALIUM BOREALE",2,8,1,8,0,-1,1
"547","kernnu.ca","LACTUCA TATARICA",1,0,0.75,0,0,-0.25,0.25
"548","kernnu.ca","POA PRATENSIS",0,0.5,10,5,4.5,10,-5.5
"549","kernnu.ca","ROSA ARKANSANA",1,2.5,1,9.25,6.75,0,6.75
"550","kernnu.ca","SOLIDAGO MISSOURIENSIS",0.5,0,0.5,0,0,0,0
"551","kernnu.ca","SONCHUS ARVENSIS",1.16666666666667,2,14,7.16666666666667,5.16666666666667,12.8333333333333,-7.66666666666667
"552","kernnu.ca","STIPA CURTISETA",3.16666666666667,2.83333333333333,1,6,3.16666666666667,-2.16666666666667,5.33333333333333
"553","kernnu.ca","SYMPHYOTRICHUM ERICOIDES",1,0,2,0,0,1,-1
"554","kernnu.ca","TARAXACUM TARAXACUM",1.16666666666667,1.16666666666667,1,1.16666666666667,0,-0.166666666666667,0.166666666666667
"555","kernnu.ca","VICIA AMERICANA",0.5,0,0.666666666666667,1,1,0.166666666666667,0.833333333333333
"556","kiskun.hu","ARENARIA SERPYLLIFOLIA",0.505,0,0.01,0.01,0.01,-0.495,0.505
"557","kiskun.hu","ARTEMISIA CAMPESTRIS",5.25,2.25,7,3,0.75,1.75,-1
"558","kiskun.hu","BASSIA LANIFLORA",1.45,0.5525,0.125,0.0575,-0.495,-1.325,0.83
"559","kiskun.hu","CAREX LIPAROCARPOS",0,1,0,0.5,-0.5,0,-0.5
"560","kiskun.hu","CENTAUREA ARENARIA",2.375,0.5,1.6,0,-0.5,-0.775,0.275
"561","kiskun.hu","CREPIS FOETIDA",0.602,0.9,0.01,0,-0.9,-0.592,-0.308
"562","kiskun.hu","DIANTHUS SEROTINUS",1.5,3.25,8,3.5,0.25,6.5,-6.25
"563","kiskun.hu","EUPHORBIA SEGUIERIANA",5,3.102,1.2,3,-0.102,-3.8,3.698
"564","kiskun.hu","FESTUCA VAGINATA",12,10.2,17.4,17.6,7.4,5.4,2
"565","kiskun.hu","FUMANA PROCUMBENS",7,4,6.83333333333333,3.25,-0.75,-0.166666666666667,-0.583333333333333
"566","kiskun.hu","HOLOSTEUM UMBELLATUM",0.01,0.01,0.702,0.04,0.03,0.692,-0.662
"567","kiskun.hu","MEDICAGO MINIMA",0.01,0,0.1,0.01,0.01,0.09,-0.08
"568","kiskun.hu","MINUARTIA GLOMERATA",0.75,2,0.2,0.07,-1.93,-0.55,-1.38
"569","kiskun.hu","POLYGONUM ARENARIUM",1.402,1.2,0.124,0.028,-1.172,-1.278,0.106
"570","kiskun.hu","SECALE SYLVESTRE",0.436666666666667,1.175,0.0325,0.146,-1.029,-0.404166666666667,-0.624833333333333
"571","kiskun.hu","SILENE OTITES",0,1.15,0,1,-0.15,0,-0.15
"572","kiskun.hu","STIPA PENNATA",9.6,8.8,8.4,6.2,-2.6,-1.2,-1.4
"573","kiskun.hu","SYRENIA CANA",0.17,0.25,0.1,0.15,-0.1,-0.07,-0.03
"574","konzadrt.us","AMBROSIA PSILOSTACHYA",6.6,13,21.6,11.8,-1.2,15,-16.2
"575","konzadrt.us","ANDROPOGON GERARDII",43.2,41,50,53.6,12.6,6.8,5.8
"576","konzadrt.us","ARTEMISIA LUDOVICIANA",1,1,2,1,0,1,-1
"577","konzadrt.us","BOUTELOUA CURTIPENDULA",18,21.5,2,3.5,-18,-16,-2
"578","konzadrt.us","SORGHASTRUM NUTANS",11.5,5.33333333333333,6,8.25,2.91666666666667,-5.5,8.41666666666667
"579","konzadrt.us","SYMPHYOTRICHUM ERICOIDES",43,29.6,36.6,35,5.4,-6.4,11.8
"580","konzadrt.us","SYMPHYOTRICHUM OBLONGIFOLIUM",8,0,2,0,0,-6,6
"581","konzadrt.us","TRIDENS FLAVUS",0,2,0,1,-1,0,-1
"582","kranz.de","FAGUS SYLVATICA",50,50,50,50,0,0,0
"583","kranz.de","PICEA ABIES",50,50,50,50,0,0,0
"584","lygraint.no","AGROSTIS CANINA",1,1,1,1,0,0,0
"585","lygraint.no","AGROSTIS CAPILLARIS",2,1,1,1,0,-1,1
"586","lygraint.no","ANTHOXANTHUM ODORATUM",1,1,1,0,-1,0,-1
"587","lygraint.no","CALLUNA VULGARIS",81.6666666666667,68.3333333333333,84,78.3333333333333,10,2.33333333333333,7.66666666666667
"588","lygraint.no","CAREX ECHINATA",1,1,0,1,0,-1,1
"589","lygraint.no","CAREX NIGRA",1,1,2,0,-1,1,-2
"590","lygraint.no","CAREX PANICEA",0,2,0,3,1,0,1
"591","lygraint.no","CAREX PILULIFERA",1,0,2,1.66666666666667,1.66666666666667,1,0.666666666666667
"592","lygraint.no","CORNUS SUECICA",0,1,0,1,0,0,0
"593","lygraint.no","DACTYLORHIZA MACULATA",2,1,1,0,-1,-1,0
"594","lygraint.no","DESCHAMPSIA FLEXUOSA",4,3.5,0,1,-2.5,-4,1.5
"595","lygraint.no","EMPETRUM NIGRUM",1.5,3,6,2,-1,4.5,-5.5
"596","lygraint.no","ERICA TETRALIX",8,6,5.5,5.5,-0.5,-2.5,2
"597","lygraint.no","FESTUCA VIVIPARA",1,1,3,2,1,2,-1
"598","lygraint.no","GALIUM SAXATILE",1,1,3,1,0,2,-2
"599","lygraint.no","HYLOCOMIUM SPLENDENS",27.3333333333333,40.5,7.66666666666667,27.3333333333333,-13.1666666666667,-19.6666666666667,6.5
"600","lygraint.no","HYPNUM JUTLANDICUM",55,51.6666666666667,45.3333333333333,37,-14.6666666666667,-9.66666666666666,-5
"601","lygraint.no","LOTUS CORNICULATUS",1,0,2,0,0,1,-1
"602","lygraint.no","LUZULA PILOSA",2,1,1,0,-1,-1,0
"603","lygraint.no","LYSIMACHIA EUROPAEA",3,2.5,2,1,-1.5,-1,-0.5
"604","lygraint.no","MOLINIA CAERULEA",1,1,1,6,5,0,5
"605","lygraint.no","PEDICULARIS SYLVATICA",1,0,0,1,1,-1,2
"606","lygraint.no","PLEUROZIUM SCHREBERI",10.6666666666667,7.66666666666667,24.6666666666667,8,0.333333333333334,14,-13.6666666666667
"607","lygraint.no","POLYTRICHUM COMMUNE",6.33333333333333,1.33333333333333,10.3333333333333,2.66666666666667,1.33333333333333,4,-2.66666666666667
"608","lygraint.no","POTENTILLA ERECTA",3,3,2.66666666666667,2.33333333333333,-0.666666666666667,-0.333333333333333,-0.333333333333333
"609","lygraint.no","RHYTIDIADELPHUS LOREUS",2,5.66666666666667,1,1,-4.66666666666667,-1,-3.66666666666667
"610","lygraint.no","RHYTIDIADELPHUS SQUARROSUS",4,1.33333333333333,1.5,2,0.666666666666667,-2.5,3.16666666666667
"611","lygraint.no","TRICHOPHORUM CESPITOSUM",4.66666666666667,7.66666666666667,6.5,11,3.33333333333333,1.83333333333333,1.5
"612","lygraint.no","VACCINIUM MYRTILLUS",2,2,5,2,0,3,-3
"613","lygraint.no","VACCINIUM ULIGINOSUM",1,1,2,1,0,1,-1
"614","lygraint.no","VACCINIUM VITIS-IDAEA",12.6666666666667,9.33333333333333,13,7,-2.33333333333333,0.333333333333334,-2.66666666666667
"615","lygraold.no","AGROSTIS CANINA",0,1,0,2,1,0,1
"616","lygraold.no","AVENELLA FLEXUOSA",1.33333333333333,3,3,25,22,1.66666666666667,20.3333333333333
"617","lygraold.no","CALLUNA VULGARIS",70,70,66.6666666666667,83.3333333333333,13.3333333333333,-3.33333333333333,16.6666666666667
"618","lygraold.no","CAREX ECHINATA",1.5,4,0,1,-3,-1.5,-1.5
"619","lygraold.no","CAREX NIGRA",6.33333333333333,4,6.66666666666667,7.33333333333333,3.33333333333333,0.333333333333333,3
"620","lygraold.no","EMPETRUM NIGRUM",4.5,3,6.5,4.5,1.5,2,-0.5
"621","lygraold.no","ERICA TETRALIX",7,6,10.5,10,4,3.5,0.5
"622","lygraold.no","ERIOPHORUM ANGUSTIFOLIUM",0,1,1,1,0,1,-1
"623","lygraold.no","ERIOPHORUM VAGINATUM",2.33333333333333,4,0,12,8,-2.33333333333333,10.3333333333333
"624","lygraold.no","HYLOCOMIUM SPLENDENS",23.3333333333333,23.6666666666667,17.3333333333333,40,16.3333333333333,-6,22.3333333333333
"625","lygraold.no","HYPNUM JUTLANDICUM",55,53.3333333333333,53.3333333333333,45,-8.33333333333334,-1.66666666666666,-6.66666666666667
"626","lygraold.no","JUNCUS SQUARROSUS",2,1,1,0,-1,-1,0
"627","lygraold.no","JUNIPERUS COMMUNIS",1,1,2,0,-1,1,-2
"628","lygraold.no","LUZULA MULTIFLORA",1,0,1,0,0,0,0
"629","lygraold.no","MOLINIA CAERULEA",6,6,8,1.5,-4.5,2,-6.5
"630","lygraold.no","NARTHECIUM OSSIFRAGUM",0,1,0,3,2,0,2
"631","lygraold.no","PLEUROZIUM SCHREBERI",12.3333333333333,15,14,2.33333333333333,-12.6666666666667,1.66666666666667,-14.3333333333333
"632","lygraold.no","POLYTRICHUM COMMUNE",4,3,1,5,2,-3,5
"633","lygraold.no","POTENTILLA ERECTA",5,2.33333333333333,3,3,0.666666666666667,-2,2.66666666666667
"634","lygraold.no","RHYTIDIADELPHUS LOREUS",2,2,4,3,1,2,-1
"635","lygraold.no","RHYTIDIADELPHUS SQUARROSUS",2,1.66666666666667,1,1,-0.666666666666667,-1,0.333333333333333
"636","lygraold.no","SORBUS AUCUPARIA",1,1,0,2,1,-1,2
"637","lygraold.no","TRICHOPHORUM CESPITOSUM",4,7,12.5,12.5,5.5,8.5,-3
"638","lygraold.no","TRIENTALIS EUROPEA",1,1,1,1,0,0,0
"639","lygraold.no","VACCINIUM MYRTILLUS",2,8,3,15,7,1,6
"640","lygraold.no","VACCINIUM ULIGINOSUM",1,1,1,3.5,2.5,0,2.5
"641","lygraold.no","VACCINIUM VITIS-IDAEA",4.66666666666667,9,4.33333333333333,10.3333333333333,1.33333333333333,-0.333333333333334,1.66666666666667
"642","marcdrt.ar","ACMELLA DECUMBENS",2.33333333333333,0,3,1,1,0.666666666666667,0.333333333333333
"643","marcdrt.ar","AGROSTIS MONTEVIDENSIS",20,25,8,5.5,-19.5,-12,-7.5
"644","marcdrt.ar","AMBROSIA TENUIFOLIA",18.25,6.25,1.33333333333333,1,-5.25,-16.9166666666667,11.6666666666667
"645","marcdrt.ar","BROMUS CATHARTICUS",10.3333333333333,1.66666666666667,9.75,15,13.3333333333333,-0.583333333333334,13.9166666666667
"646","marcdrt.ar","CAREX PHALAROIDES",3,0,1,1,1,-2,3
"647","marcdrt.ar","CAREX SORORIA",1,1.66666666666667,1,1,-0.666666666666667,0,-0.666666666666667
"648","marcdrt.ar","ERYNGIUM EBRACTEATUM",2,0,1.5,0,0,-0.5,0.5
"649","marcdrt.ar","FESTUCA ARUNDINACEA",46.6666666666667,29,60,71.25,42.25,13.3333333333333,28.9166666666667
"650","marcdrt.ar","HORDEUM PUSILLUM",2.33333333333333,1.66666666666667,1.5,1,-0.666666666666667,-0.833333333333333,0.166666666666667
"651","marcdrt.ar","HYDROCOTYLE BONARIENSIS",1,1.66666666666667,1.5,2.33333333333333,0.666666666666667,0.5,0.166666666666667
"652","marcdrt.ar","JUNCUS IMBRICATUS",1.33333333333333,1.25,1,2,0.75,-0.333333333333333,1.08333333333333
"653","marcdrt.ar","JUNCUS MICROCEPHALUS",0,2,1.5,0,-2,1.5,-3.5
"654","marcdrt.ar","LATHYRUS CRASSIPES",2,6.66666666666667,7,1,-5.66666666666667,5,-10.6666666666667
"655","marcdrt.ar","MELILOTUS OFFICINALIS",8,1,0,1,0,-8,8
"656","marcdrt.ar","PHYLA NODIFLORA",2,0,0,5,5,-2,7
"657","marcdrt.ar","PLANTAGO MYOSUROS",0,1.5,1,0,-1.5,1,-2.5
"658","marcdrt.ar","POA LANIGERA",5.25,4.66666666666667,10,2.75,-1.91666666666667,4.75,-6.66666666666667
"659","marcdrt.ar","SENECIO SELLOI",0,1,0,1,0,0,0
"660","marcdrt.ar","SISYRINCHIUM PLATENSE",1.5,4,1,0,-4,-0.5,-3.5
"661","marcdrt.ar","SPARTINA DENSIFLORA",18.75,18,15,23,5,-3.75,8.75
"662","marcdrt.ar","STENOTAPHRUM SECUNDATUM",3,2,1.5,2,0,-1.5,1.5
"663","matador.ca","ACHILLEA MILLEFOLIUM",0.75,0.5,0.5,1,0.5,-0.25,0.75
"664","matador.ca","ARTEMISIA FRIGIDA",2.33333333333333,2.16666666666667,2,1.33333333333333,-0.833333333333333,-0.333333333333333,-0.5
"665","matador.ca","CERASTIUM ARVENSE",2.25,0.5,3.5,0.75,0.25,1.25,-1
"666","matador.ca","COMANDRA UMBELLATA",1.5,2.5,5.25,3.5,1,3.75,-2.75
"667","matador.ca","GALIUM BOREALE",5,1,16.5,0,-1,11.5,-12.5
"668","matador.ca","KOELERIA MACRANTHA",1.25,2,1.83333333333333,2.5,0.5,0.583333333333333,-0.0833333333333335
"669","matador.ca","KRASCHENINNIKOVIA LANATA",1.5,8,5.33333333333333,21,13,3.83333333333333,9.16666666666667
"670","matador.ca","LINUM RIGIDUM",0.5,0.5,1,1,0.5,0.5,0
"671","matador.ca","NASSELLA VIRIDULA",10.6666666666667,7.33333333333333,22.6666666666667,18.6666666666667,11.3333333333333,12,-0.666666666666666
"672","matador.ca","PASCOPYRUM SMITHII",3.33333333333333,6.66666666666667,3.66666666666667,5.33333333333333,-1.33333333333333,0.333333333333333,-1.66666666666667
"673","matador.ca","RATIBIDA COLUMNIFERA",0.75,1,0,0.5,-0.5,-0.75,0.25
"674","matador.ca","SYMPHYOTRICHUM ERICOIDES",1,1,1,1,0,0,0
"675","matador.ca","VICIA AMERICANA",0.5,0.5,0.5,0.5,0,0,0
"676","mattheis.ca","AGROSTIS SCABRA",3.5,3,5,3,0,1.5,-1.5
"677","mattheis.ca","ARTEMISIA FRIGIDA",32,21,15,17.6,-3.4,-17,13.6
"678","mattheis.ca","BOUTELOUA GRACILIS",15.4,18,25,26,8,9.6,-1.6
"679","mattheis.ca","GAURA COCCINEA",1,2.33333333333333,4.33333333333333,3.5,1.16666666666667,3.33333333333333,-2.16666666666667
"680","mattheis.ca","HESPEROSTIPA COMATA",16,21.25,20,21,-0.25,4,-4.25
"681","mattheis.ca","KOELERIA MACRANTHA",5.5,12.3333333333333,23.75,10,-2.33333333333333,18.25,-20.5833333333333
"682","mattheis.ca","LITHOSPERMUM INCISUM",10,1.5,5.5,10,8.5,-4.5,13
"683","mattheis.ca","SYMPHYOTRICHUM ERICOIDES",1,1.5,15,0,-1.5,14,-15.5
"684","mattheis.ca","TRAGOPOGON DUBIUS",1,1,3.8,1,0,2.8,-2.8
"685","milparinka.au","ABUTILON HALOPHILUM",12.5,3,12.5,3,0,0,0
"686","milparinka.au","ASTREBLA LAPPACEA",25,17.5,21,21,3.5,-4,7.5
"687","milparinka.au","ASTREBLA PECTINATA",19,25,21,21,-4,2,-6
"688","milparinka.au","SCLEROLAENA DIACANTHA",1,0,3,2,2,2,0
"689","naposta.ar","AVENA BARBATA",5,5,15,20,15,10,5
"690","naposta.ar","BACCHARIS ULICINA",1,0,1,1,1,0,1
"691","naposta.ar","BROMUS CATHARTICUS",13.3333333333333,16.6666666666667,15,0,-16.6666666666667,1.66666666666667,-18.3333333333333
"692","naposta.ar","DIPLOTAXIS TENUIFOLIA",2.33333333333333,1,5,5.33333333333333,4.33333333333333,2.66666666666667,1.66666666666667
"693","naposta.ar","ERIGERON BLAKEI",1,1,1,10,9,0,9
"694","naposta.ar","NASSELLA NEESIANA",68.3333333333333,57.5,50,36.6666666666667,-20.8333333333333,-18.3333333333333,-2.50000000000001
"695","naposta.ar","NASSELLA TRICHOTOMA",10,16.6666666666667,20,25,8.33333333333333,10,-1.66666666666667
"696","naposta.ar","OXALIS CONORRHIZA",0,1,0,1,0,0,0
"697","nnss.us","ACAMPTOPAPPUS SHOCKLEYI",3.0864198,1.4285714,1.5120275,1.3774105,-0.0511609,-1.5743923,1.5232314
"698","nnss.us","AMBROSIA DUMOSA",9.93746907,8.48419605,7.60434813,4.71178322,-3.77241283,-2.33312094,-1.43929189
"699","nnss.us","AMSINCKIA TESSELLATA",1.28853131666667,1.52343265714286,2.58048512,0.6739395,-0.849493157142857,1.29195380333333,-2.14144696047619
"700","nnss.us","BROMUS RUBENS",0.319339488888889,0.4770241,2.98615225,0.48253192,0.00550782,2.66681276111111,-2.66130494111111
"701","nnss.us","BROMUS TECTORUM",0.9656297375,1.142075,4.38977668,0.882379228571429,-0.259695771428571,3.4241469425,-3.68384271392857
"702","nnss.us","CHAENACTIS FREMONTII",2.24174178,3.23854468,3.77588768888889,1.48180165,-1.75674303,1.53414590888889,-3.29088893888889
"703","nnss.us","CHORIZANTHE BREVICORNU",1.19583637,0.6628863,1.08313428,0.30563745,-0.35724885,-0.11270209,-0.24454676
"704","nnss.us","CHORIZANTHE RIGIDA",0.296333533333333,0.0681663,0.3472222,0.2061856,0.1380193,0.0508886666666666,0.0871306333333334
"705","nnss.us","CHYLISMIA CLAVIFORMIS",0.2020202,0.1612391,0.2053388,0.2083333,0.0470942,0.00331859999999998,0.0437756
"706","nnss.us","CRYPTANTHA CIRCUMSCISSA",0.19404304,0.41422252,1.06477779,0.27386215,-0.14036037,0.87073475,-1.01109512
"707","nnss.us","CRYPTANTHA INTERMEDIA",0.273154155555556,0.5408999,1.08326798571429,0.5414678,0.000567899999999955,0.81011383015873,-0.80954593015873
"708","nnss.us","DESCURAINIA PINNATA",0.696307383333333,1.3852380625,0.640719866666667,0.433464428571429,-0.951773633928572,-0.0555875166666666,-0.896186117261905
"709","nnss.us","EPHEDRA NEVADENSIS",3.05210544285714,3.263065075,2.65797925,2.308466225,-0.95459885,-0.394126192857143,-0.560472657142857
"710","nnss.us","ERIOGONUM MACULATUM",1.5137421,0.3792902,1.56298824285714,0.6872779,0.3079877,0.0492461428571429,0.258741557142857
"711","nnss.us","ERIOPHYLLUM PRINGLEI",0.58499523,0.4966975,1.57694249,0.154395725,-0.342301775,0.99194726,-1.334249035
"712","nnss.us","GRAYIA SPINOSA",5.146001,2.58690782,6.9210625,3.24872212,0.6618143,1.7750615,-1.1132472
"713","nnss.us","LARREA TRIDENTATA",15.55434442,13.27009487,13.51947492,10.55421877,-2.7158761,-2.0348695,-0.6810066
"714","nnss.us","LOESELIASTRUM SCHOTTII",0.0685167,0.27351615,0.389588285714286,0.0687285,-0.20478765,0.321071585714286,-0.525859235714286
"715","nnss.us","LYCIUM PALLIDUM",4.6258503,2.680278,5.1748451,2.77988473333333,0.0996067333333337,0.5489948,-0.449388066666666
"716","nnss.us","MALACOTHRIX GLABRATA",0.729655566666667,1.3735589,1.1655389,1.41346643,0.03990753,0.435883333333333,-0.395975803333333
"717","nnss.us","MENTZELIA ASPERA",2.34398205714286,2.874968975,2.61675768333333,0.27565495,-2.599314025,0.272775626190476,-2.87208965119048
"718","nnss.us","MONOPTILON BELLIDIFORME",0.1191883,0.13729085,0.1546705,0.3436426,0.20635175,0.0354822,0.17086955
"719","nnss.us","NAMA ARETIOIDES",0.283584533333333,0.75338592,0.39203624,0,-0.75338592,0.108451706666667,-0.861837626666667
"720","nnss.us","OXYTHECA PERFOLIATA",0.89137666,0.766761557142857,2.028706325,1.34504748333333,0.578285926190476,1.137329665,-0.559043738809524
"721","nnss.us","SCHISMUS ARABICUS",0.3067008,0.25714855,2.27615137,0.320392533333333,0.0632439833333333,1.96945057,-1.90620658666667
"722","nplatte.us","ARTEMISIA FRIGIDA",13.5,2,30,0,-2,16.5,-18.5
"723","nplatte.us","ARTEMISIA TRIDENTATA",0,25,10,0,-25,10,-35
"724","nplatte.us","BOUTELOUA GRACILIS",32.5,21,7.57142857142857,20.8,-0.199999999999999,-24.9285714285714,24.7285714285714
"725","nplatte.us","BROMUS TECTORUM",13.2,40.3333333333333,6.33333333333333,14.1428571428571,-26.1904761904762,-6.86666666666667,-19.3238095238095
"726","nplatte.us","CAREX FILIFOLIA",36.125,41.875,14,18.125,-23.75,-22.125,-1.625
"727","nplatte.us","OPUNTIA POLYACANTHA",25,0,0,30,30,-25,55
"728","nplatte.us","POA SECUNDA",0,11,2,2,-9,2,-11
"729","nplatte.us","SPHAERALCEA COCCINEA",2,2,2,0,-2,0,-2
"730","octc.us","ARTEMISIA TRIDENTATA",16.81173785,18.96621009,16.27758363,16.77924463,-2.18696546,-0.534154220000001,-1.65281124
"731","octc.us","CERATOCEPHALA TESTICULATA",1.17351,1.41641812857143,2.81872347777778,1.1921839,-0.224234228571428,1.64521347777778,-1.86944770634921
"732","octc.us","ELYMUS ELYMOIDES",1.1684448,0.970887933333333,0.818374925,0.5475702,-0.423317733333333,-0.350069875,-0.0732478583333332
"733","octc.us","POA SECUNDA",33.00967403,28.77115968,16.50442414,14.82465954,-13.94650014,-16.50524989,2.55874975
"734","oreaa.us","ALLIUM ACUMINATUM",0.5,0,0,1,1,-0.5,1.5
"735","oreaa.us","ARTEMISIA ARBUSCULA",26.3333333333333,30.6,13.8333333333333,12.2,-18.4,-12.5,-5.9
"736","oreaa.us","BLEPHARIPAPPUS SCABER",0.7,0.7,0.9,0.6,-0.1,0.2,-0.3
"737","oreaa.us","BROMUS JAPONICUS",0.625,2.25,0.5,0.5,-1.75,-0.125,-1.625
"738","oreaa.us","COLLINSIA PARVIFLORA",0,0.5,0.5,0.5,0,0.5,-0.5
"739","oreaa.us","DANTHONIA CALIFORNICA",0,12.5,0,8.16666666666667,-4.33333333333333,0,-4.33333333333333
"740","oreaa.us","ELYMUS ELYMOIDES",3,6.9,3.75,7.7,0.8,0.75,0.0499999999999998
"741","oreaa.us","EPILOBIUM BRACHYCARPUM",0.8,1,1.5,0.9,-0.1,0.7,-0.8
"742","oreaa.us","EREMOGONE CONGESTA",0.5,1,0,0.5,-0.5,-0.5,0
"743","oreaa.us","ERIGERON BLOOMERI",4.625,2.25,5,2.25,0,0.375,-0.375
"744","oreaa.us","ERIOGONUM SPHAEROCEPHALUM",3.5,2.125,2.25,2.75,0.625,-1.25,1.875
"745","oreaa.us","FESTUCA IDAHOENSIS",16.5,6.9,7.7,9.1,2.2,-8.8,11
"746","oreaa.us","NAVARRETIA INTERTEXTA SSP. PROPINQUA",0.833333333333333,1.25,0.75,0.833333333333333,-0.416666666666667,-0.0833333333333334,-0.333333333333333
"747","oreaa.us","NOTHOCALAIS TROXIMOIDES",2,1,3.5,1.83333333333333,0.833333333333333,1.5,-0.666666666666667
"748","oreaa.us","PACKERA CANA",25.5,0.5,15.5,0,-0.5,-10,9.5
"749","oreaa.us","PHLOX HOODII",2.25,1.375,3.5,1.625,0.25,1.25,-1
"750","oreaa.us","SEDUM STENOPETALUM",2.66666666666667,2.875,3.5,2.875,0,0.833333333333333,-0.833333333333333
"751","oreaa.us","TRIFOLIUM MACROCEPHALUM",0.5,0.5,1,3.5,3,0.5,2.5
"752","oreaa.us","VENTENATA DUBIA",1.3,2,5.8,8.75,6.75,4.5,2.25
"753","oreac.us","ACHILLEA MILLEFOLIUM",4.83333333333333,0.666666666666667,2.66666666666667,1.83333333333333,1.16666666666667,-2.16666666666667,3.33333333333333
"754","oreac.us","ACMISPON AMERICANUS",0.75,2,0.5,2,0,-0.25,0.25
"755","oreac.us","ARTEMISIA ARBUSCULA",20.5,0,10.5,0,0,-10,10
"756","oreac.us","ARTEMISIA CANA",30,52.5,21.25,34.5,-18,-8.75,-9.25
"757","oreac.us","BROMUS JAPONICUS",15.7,58.5,3,13.1,-45.4,-12.7,-32.7
"758","oreac.us","COLLINSIA PARVIFLORA",0.5,0,0.7,0.6,0.6,0.2,0.4
"759","oreac.us","COLLOMIA GRANDIFLORA",1.66666666666667,3.5,2,2.25,-1.25,0.333333333333333,-1.58333333333333
"760","oreac.us","ELYMUS ELYMOIDES",17,2.875,7,5.83333333333333,2.95833333333333,-10,12.9583333333333
"761","oreac.us","EPILOBIUM BRACHYCARPUM",2.5,1.5,1.5,1.5,0,-1,1
"762","oreac.us","FESTUCA IDAHOENSIS",12.3,3.5,11.1,13.75,10.25,-1.2,11.45
"763","oreac.us","PERIDERIDIA OREGANA",0.6,0.8,4.9,3.8,3,4.3,-1.3
"764","oreac.us","POA SECUNDA",10.5,1,3.5,3.5,2.5,-7,9.5
"765","oreac.us","TRIFOLIUM MACROCEPHALUM",0,1,0,0.5,-0.5,0,-0.5
"766","oreac.us","VENTENATA DUBIA",2,0,3.83333333333333,1,1,1.83333333333333,-0.833333333333333
"767","paike.ar","ACAENA PINNATIFIDA",0,1,0,1,0,0,0
"768","paike.ar","ACAENA POEPPIGIANA",1,1,1,1,0,0,0
"769","paike.ar","ADESMIA LOTOIDES",1,0,1,0,0,0,0
"770","paike.ar","AGROSTIS INCONSPICUA",1,1,1,1,0,0,0
"771","paike.ar","ARJONA TUBEROSA",0,1,0,1,0,0,0
"772","paike.ar","ARMERIA MARITIMA",1,1,1,1,0,0,0
"773","paike.ar","AZORELLA FUEGIANA",1,1.5,1,1.5,0,0,0
"774","paike.ar","AZORELLA MONANTHA",1,1,1,1,0,0,0
"775","paike.ar","BROMUS SETIFOLIUS",0,2.5,0,2.5,0,0,0
"776","paike.ar","CAREX ANDINA",5.33333333333333,3.66666666666667,6,3.66666666666667,0,0.666666666666667,-0.666666666666667
"777","paike.ar","CERASTIUM ARVENSE",1,1,1,1,0,0,0
"778","paike.ar","CLINOPODIUM DARWINII",1,1,1,1,0,0,0
"779","paike.ar","COLOBANTHUS LYCOPODOIDES",2,1.5,2,1.5,0,0,0
"780","paike.ar","DESCHAMPSIA CESPITOSA",1,1,1,1,0,0,0
"781","paike.ar","ERIGERON PATAGONICUS",0,1,0,1,0,0,0
"782","paike.ar","FESTUCA PYROGEA",8.33333333333333,5.33333333333333,9,5.66666666666667,0.333333333333334,0.666666666666666,-0.333333333333332
"783","paike.ar","HYPOCHAERIS INCANA",0,1,0,1,0,0,0
"784","paike.ar","JUNELLIA ODONELLII",1,1,1,1,0,0,0
"785","paike.ar","LATHYRUS NERVOSUS",0,1,0,1,0,0,0
"786","paike.ar","LEUCHERIA PURPUREA",1,1,1,1,0,0,0
"787","paike.ar","LUZULA CHILENSIS",2,1.5,2,1.5,0,0,0
"788","paike.ar","NARDOPHYLLUM BRYOIDES",6.66666666666667,6.33333333333333,6.66666666666667,6.33333333333333,0,0,0
"789","paike.ar","NASSAUVIA ACULEATA",1,1,1,1,0,0,0
"790","paike.ar","NASSAUVIA DARWINII",1,1,1,1,0,0,0
"791","paike.ar","OXALIS ENNEAPHYLLA",1,1,1,1,0,0,0
"792","paike.ar","PEREZIA RECURVATA",3,4.33333333333333,3,4.33333333333333,0,0,0
"793","paike.ar","POA SPICIFORMIS",15,12.6666666666667,15.3333333333333,12.3333333333333,-0.333333333333332,0.333333333333334,-0.666666666666666
"794","paike.ar","POLYGALA DARWINIANA",0,1,0,1,0,0,0
"795","paike.ar","RYTIDOSPERMA VIRESCENS",2.5,4.5,3.5,4.5,0,1,-1
"796","paike.ar","SENECIO LASEGUEI",1,0,1,0,0,0,0
"797","paike.ar","SENECIO MISER",1,1,1,1,0,0,0
"798","paike.ar","STIPA SPECIOSA",21.3333333333333,27,21.6666666666667,27,0,0.333333333333336,-0.333333333333336
"799","passogavia.it","AGROSTIS RUPESTRIS",1.54,0.8,2.5,1.7,0.9,0.96,-0.06
"800","passogavia.it","ALCHEMILLA PENTAPHYLLEA",32.6,48.6,35,53.8,5.2,2.4,2.8
"801","passogavia.it","ANTHOXANTHUM ODORATUM",0.01,0,0.1,0,0,0.09,-0.09
"802","passogavia.it","CAREX CURVULA",47.6,47.4,40.6,42,-5.4,-7,1.6
"803","passogavia.it","EUPHRASIA MINIMA",0.1125,0.0233333333333333,0.0125,0.01,-0.0133333333333333,-0.1,0.0866666666666667
"804","passogavia.it","FESTUCA HALLERI",0.4,1,0.3,2,1,-0.1,1.1
"805","passogavia.it","GNAPHALIUM SUPINUM",0.055,0.1,0.0533333333333333,0.075,-0.025,-0.00166666666666667,-0.0233333333333333
"806","passogavia.it","HELICTOTRICHON VERSICOLOR",0,2,0,2.5,0.5,0,0.5
"807","passogavia.it","HIERACIUM PILIFERUM",0.2,0,0.2,0,0,0,0
"808","passogavia.it","LEUCANTHEMOPSIS ALPINA",2.302,1.38,0.844,0.46,-0.92,-1.458,0.538
"809","passogavia.it","LIGUSTICUM MUTELLINA",14.5,30,12,46,16,-2.5,18.5
"810","passogavia.it","OREOCHLOA DISTICHA",5.5,0.75,5.5,0.275,-0.475,0,-0.475
"811","passogavia.it","PERSICARIA VIVIPARA",1.025,0.02,1.05,0.1,0.08,0.0250000000000001,0.0549999999999999
"812","passogavia.it","PHLEUM ALPINUM",0,0.3,0,0.2,-0.1,0,-0.1
"813","passogavia.it","PHYTEUMA HEMISPHAERICUM",2,1.7,2.4,2.3,0.6,0.4,0.2
"814","passogavia.it","POA ALPINA",1.5,4.002,2,3.16,-0.842,0.5,-1.342
"815","passogavia.it","POTENTILLA AUREA",1.83333333333333,0,2.83333333333333,0,0,1,-1
"816","passogavia.it","PRIMULA GLUTINOSA",0.6,0.4,0.98,0.75,0.35,0.38,-0.0300000000000001
"817","passogavia.it","SALIX HERBACEA",1.40333333333333,0.9,0.703333333333333,0.55,-0.35,-0.7,0.35
"818","passogavia.it","SCORZONEROIDES HELVETICA",3.2,1.8,3.96,1.8,0,0.76,-0.76
"819","passogavia.it","SOLDANELLA PUSILLA",16.7,20.6,10.08,13.6,-7,-6.62,-0.380000000000003
"820","passogavia.it","TARAXACUM ALPINUM",0,0.3,0,0.2,-0.1,0,-0.1
"821","purdue.us","ALCHEMILLA IDAEUS",10.6666666666667,18.25,28,37.5,19.25,17.3333333333333,1.91666666666666
"822","purdue.us","ANDROPOGON GERARDII",27.375,27.375,18.75,26.6666666666667,-0.708333333333332,-8.625,7.91666666666667
"823","purdue.us","DESMODIUM ILLINOENSE",10.5714285714286,17,13,19.75,2.75,2.42857142857143,0.321428571428571
"824","purdue.us","EUTHAMIA GRAMINIFOLIA",6.375,3.33333333333333,13,25,21.6666666666667,6.625,15.0416666666667
"825","purdue.us","LOTUS CORNICULATUS",36.25,30.5,10,0,-30.5,-26.25,-4.25
"826","purdue.us","SOLIDAGO CANADENSIS",28.125,37.75,78.75,72.5,34.75,50.625,-15.875
"827","purdue.us","SOLIDAGO SPECIOSA",19,11,5,0,-11,-14,3
"828","purdue.us","SYMPHYOTRICHUM NOVAE-ANGLIAE",14.8571428571429,10.75,16.7142857142857,16.6666666666667,5.91666666666667,1.85714285714286,4.05952380952381
"829","purdue.us","SYMPHYOTRICHUM PILOSUM",9.2,7.25,7.2,7.5,0.25,-2,2.25
"830","quilpie.au","ABUTILON HALOPHILUM",21.6666666666667,18.3333333333333,5.66666666666667,5,-13.3333333333333,-16,2.66666666666667
"831","quilpie.au","CENTIPEDA CUNNINGHAMII",8,12.5,4,3.33333333333333,-9.16666666666667,-4,-5.16666666666667
"832","quilpie.au","ERAGROSTIS SETIFOLIA",1.5,2.66666666666667,2,2,-0.666666666666667,0.5,-1.16666666666667
"833","quilpie.au","SCLEROLAENA DIACANTHA",3,6,3,3,-3,0,-3
"834","quilpie.au","TRIPOGON LOLIIFORMIS",1.5,1,1,0,-1,-0.5,-0.5
"835","rhijn.nl","ACHILLEA MILLEFOLIUM",1,0,1,0,0,0,0
"836","rhijn.nl","ANTHOXANTHUM ODORATUM",6.66666666666667,6.66666666666667,8.75,0,-6.66666666666667,2.08333333333333,-8.75
"837","rhijn.nl","ARRHENATHERUM ELATIUS",11.8333333333333,6.33333333333333,8.33333333333333,20,13.6666666666667,-3.5,17.1666666666667
"838","rhijn.nl","CENTAUREA JACEA",1,25,7,6.5,-18.5,6,-24.5
"839","rhijn.nl","CERASTIUM FONTANUM",1,1,1,0,-1,0,-1
"840","rhijn.nl","CYNOSURUS CRISTATUS",3.66666666666667,3,5,0,-3,1.33333333333333,-4.33333333333333
"841","rhijn.nl","DACTYLIS GLOMERATA",7,7,15.8333333333333,20,13,8.83333333333333,4.16666666666667
"842","rhijn.nl","FESTUCA RUBRA",43.3333333333333,36.6666666666667,40,25,-11.6666666666667,-3.33333333333334,-8.33333333333333
"843","rhijn.nl","GALIUM MOLLUGO",22,19.6666666666667,25.8333333333333,25,5.33333333333333,3.83333333333333,1.5
"844","rhijn.nl","HOLCUS LANATUS",5.33333333333333,5,8.4,6.66666666666667,1.66666666666667,3.06666666666667,-1.4
"845","rhijn.nl","JACOBAEA VULGARIS",1,1,2,0,-1,1,-2
"846","rhijn.nl","LATHYRUS PRATENSIS",4,0,0,1,1,-4,5
"847","rhijn.nl","LEUCANTHEMUM VULGARE",6,4,1,1,-3,-5,2
"848","rhijn.nl","LOTUS CORNICULATUS",1,0,10,0,0,9,-9
"849","rhijn.nl","LYSIMACHIA NUMMULARIA",0,20,0,2,-18,0,-18
"850","rhijn.nl","PLANTAGO LANCEOLATA",12.5,10,5.83333333333333,4,-6,-6.66666666666667,0.666666666666667
"851","rhijn.nl","POTENTILLA REPTANS",7,3,8,22.5,19.5,1,18.5
"852","rhijn.nl","PRUNELLA VULGARIS",1,0,1.5,2,2,0.5,1.5
"853","rhijn.nl","RANUNCULUS ACRIS",2.6,2,3,3,1,0.4,0.6
"854","rhijn.nl","RUMEX ACETOSA",1,0,1.25,1.5,1.5,0.25,1.25
"855","rhijn.nl","TARAXACUM TARAXACUM",2,1,1.5,1,0,-0.5,0.5
"856","rhijn.nl","TRIFOLIUM PRATENSE",2,2,1,1,-1,-1,0
"857","rhijn.nl","VERONICA CHAMAEDRYS",3.66666666666667,10.6666666666667,2,4,-6.66666666666667,-1.66666666666667,-5
"858","sand.us","ARISTIDA STRICTA",14,23.3333333333333,26.6666666666667,27,3.66666666666667,12.6666666666667,-9
"859","sand.us","CARPHEPHORUS BELLIDIFOLIUS",0,11,7,10,-1,7,-8
"860","sand.us","CHRYSOPSIS MARIANA",2.5,14,6,26.5,12.5,3.5,9
"861","sand.us","DESMODIUM ROTUNDIFOLIUM",0,10.5,0,5,-5.5,0,-5.5
"862","sand.us","DIOSPYROS VIRGINIANA",3,1,1,0,-1,-2,1
"863","sand.us","EUPATORIUM ROTUNDIFOLIUM",0,2,0,1,-1,0,-1
"864","sand.us","EUPHORBIA PUBENTISSIMA",12,8,3.66666666666667,5,-3,-8.33333333333333,5.33333333333333
"865","sand.us","GALACTIA REGULARIS",0,4,0,16,12,0,12
"866","sand.us","IONACTIS LINARIIFOLIA",10,5,0,1,-4,-10,6
"867","sand.us","LESPEDEZA HIRTA",21,0,1,0,0,-20,20
"868","sand.us","LIATRIS COKERI",7,2,26,14,12,19,-7
"869","sand.us","MORELLA CERIFERA",5,0,1,1,1,-4,5
"870","sand.us","PARTHENIUM INTEGRIFOLIUM",4,20,4,5,-15,0,-15
"871","sand.us","PINUS PALUSTRIS",1,6,1.66666666666667,3.66666666666667,-2.33333333333333,0.666666666666667,-3
"872","sand.us","PITYOPSIS ASPERA",9,9,6,12.6666666666667,3.66666666666667,-3,6.66666666666667
"873","sand.us","PTERIDIUM AQUILINUM",23.3333333333333,14,21.3333333333333,4.5,-9.5,-2,-7.5
"874","sand.us","QUERCUS INCANA",16,0,13,0,0,-3,3
"875","sand.us","RHUS COPALLINUM",0,3,0,6,3,0,3
"876","sand.us","ROBINIA HISPIDA",0,3,0,3.5,0.5,0,0.5
"877","sand.us","SASSAFRAS ALBIDUM",0,3,0,3,0,0,0
"878","sand.us","SCHIZACHYRIUM SCOPARIUM",6,7.5,14,9,1.5,8,-6.5
"879","sand.us","SERICOCARPUS ASTEROIDES",2,3,2,1,-2,0,-2
"880","sand.us","SYMPHYOTRICHUM WALTERI",12,12,13,0,-12,1,-13
"881","sand.us","VACCINIUM TENELLUM",12.3333333333333,10.5,15.6666666666667,23.5,13,3.33333333333333,9.66666666666667
"882","sclaudio.ar","ACMELLA DECUMBENS",0,1,0.25,0,-1,0.25,-1.25
"883","sclaudio.ar","CYNODON DACTYLON",0,1,2.33333333333333,1,0,2.33333333333333,-2.33333333333333
"884","sclaudio.ar","FESTUCA ARUNDINACEA",94.75,100,68.75,78.75,-21.25,-26,4.75
"885","sclaudio.ar","PASPALUM DILATATUM",3,1,1,0,-1,-2,1
"886","sclaudio.ar","PASPALUM QUADRIFARIUM",20,0,20,0,0,0,0
"887","sclaudio.ar","SORGHUM HALEPENSE",5.33333333333333,5.83333333333333,10,15.25,9.41666666666667,4.66666666666667,4.75
"888","scruzh.us","ANAGALLIS ARVENSIS",2.3255814,0,4.516493875,5.6818182,5.6818182,2.190912475,3.490905725
"889","scruzh.us","AVENA BARBATA",0.877193,2.173913,1.5998551,0,-2.173913,0.7226621,-2.8965751
"890","scruzh.us","BRACHYPODIUM DISTACHYON",39.4736842,1.4084507,0,2.4691358,1.0606851,-39.4736842,40.5343693
"891","scruzh.us","BRIZA MAXIMA",7.50628706,18.0385227,26.74486566,39.30012252,21.26159982,19.2385786,2.02302122
"892","scruzh.us","BROMUS HORDEACEUS",0,1.4084507,2.6345738,2.76928305,1.36083235,2.6345738,-1.27374145
"893","scruzh.us","CHLOROGALUM POMERIDIANUM",0,1.4084507,0,2.4691358,1.0606851,0,1.0606851
"894","scruzh.us","DANTHONIA CALIFORNICA",29.33366554,34.76109185,0,15.1898734,-19.57121845,-29.33366554,9.76244709
"895","scruzh.us","HOLCUS LANATUS",1.86827473333333,2.90954463333333,13.7898687,14.5281933,11.6186486666667,11.9215939666667,-0.302945299999998
"896","scruzh.us","LINUM BIENNE",1.03356376666667,1.66123983333333,3.6585366,6.29785905,4.63661921666667,2.62497283333333,2.01164638333333
"897","scruzh.us","PLANTAGO LANCEOLATA",4.53320762,4.8785782,11.96570875,22.2222222,17.343644,7.43250113,9.91114287
"898","scruzh.us","SISYRINCHIUM BELLUM",0,1.65074223333333,1.2195122,1.8340046,0.183262366666667,1.2195122,-1.03624983333333
"899","scruzh.us","STIPA PULCHRA",35.4581353666667,41.73103135,27.69133725,8.2963652,-33.43466615,-7.76679811666666,-25.6678680333333
"900","scruzh.us","VULPIA MYUROS",4.8543689,33.4950132666667,29.6485841333333,4.135648425,-29.3593648416667,24.7942152333333,-54.153580075
"901","scruzl.us","AVENA BARBATA",41,30.6,5.47244596666667,1.2195122,-29.3804878,-35.5275540333333,6.14706623333333
"902","scruzl.us","BROMUS DIANDRUS",36.2,55.6,11.6161616,1.2195122,-54.3804878,-24.5838384,-29.7966494
"903","scruzl.us","BROMUS HORDEACEUS",3,3,1.0204082,0,-3,-1.9795918,-1.0204082
"904","scruzl.us","CARDUUS PYCNOCEPHALUS",1.25,1,8.79587136666667,20.12987015,19.12987015,7.54587136666667,11.5839987833333
"905","scruzl.us","CIRSIUM VULGARE",2,0,0,14.6156689,14.6156689,-2,16.6156689
"906","scruzl.us","GERANIUM DISSECTUM",2.8,2.8,20.95602862,3.79926223333333,0.999262233333333,18.15602862,-17.1567663866667
"907","scruzl.us","LOLIUM PERENNE",4,1,8.35844886666667,3.0194805,2.0194805,4.35844886666667,-2.33896836666667
"908","scruzl.us","RAPHANUS SATIVUS",3.5,5.6,34.96364396,61.0981501,55.4981501,31.46364396,24.03450614
"909","scruzl.us","VULPIA MYUROS",6,6,31.556947675,22.72727275,16.72727275,25.556947675,-8.829674925
"910","scruzm.us","AVENA BARBATA",86.6924611,81.37091954,75.91367574,66.17974404,-15.1911755,-10.77878536,-4.41239014
"911","scruzm.us","BRACHYPODIUM DISTACHYON",2.3809524,1.95238095,1.0416667,1.8348624,-0.11751855,-1.3392857,1.22176715
"912","scruzm.us","BRIZA MAXIMA",6.44743045,9.40757406666667,2.45535715,3.6697248,-5.73784926666667,-3.9920733,-1.74577596666667
"913","scruzm.us","BROMUS DIANDRUS",6.35743175,1.5048119,2.25851305,2.1978022,0.6929903,-4.0989187,4.791909
"914","scruzm.us","CARDUUS PYCNOCEPHALUS",1.7424088,2.76846785,6.8493151,7.11889028,4.35042243,5.1069063,-0.75648387
"915","scruzm.us","CONVOLVULUS ARVENSIS",0,1.9047619,0,1.0989011,-0.8058608,0,-0.8058608
"916","scruzm.us","ESCHSCHOLZIA CALIFORNICA",2.27999152,2.15223665,7.29629878,4.35033026666667,2.19809361666667,5.01630726,-2.81821364333333
"917","scruzm.us","GERANIUM DISSECTUM",2.8,2.8,3.57737056666667,2.92613635,0.12613635,0.777370566666667,-0.651234216666666
"918","scruzm.us","LOLIUM PERENNE",1.1904762,0,3.6458333,1.8181818,1.8181818,2.4553571,-0.6371753
"919","scruzm.us","RAPHANUS SATIVUS",1.17663345,4.9528809,7.44020726,20.57703828,15.62415738,6.26357381,9.36058357
"920","scruzm.us","VICIA SATIVA",1.78152906666667,1.6889139,1.58466315,0,-1.6889139,-0.196865916666667,-1.49204798333333
"921","sevblack.us","ALLIONIA INCARNATA",1.5,0,9,0,0,7.5,-7.5
"922","sevblack.us","CHONDROSUM ERIOPODUM",19.4071428571429,22.1428571428571,18.0928571428571,7.42857142857143,-14.7142857142857,-1.31428571428572,-13.4
"923","sevblack.us","EUPHORBIA LATA",0.5,3.48333333333333,0.5,0.5,-2.98333333333333,0,-2.98333333333333
"924","sevblack.us","GUTIERREZIA SAROTHRAE",6.125,13.5,18.25,20,6.5,12.125,-5.625
"925","sevblack.us","HOFFMANNSEGGIA DREPANOCARPA",0.5,0.5,0.5,0.5,0,0,0
"926","sevblack.us","MACHAERANTHERA PINNATIFIDA",0.5,0,2.83333333333333,0,0,2.33333333333333,-2.33333333333333
"927","sevblack.us","MUHLENBERGIA ARENICOLA",1,3.75,1,1,-2.75,0,-2.75
"928","sevblack.us","OPUNTIA PHAEACANTHA",0.5,0,11,0,0,10.5,-10.5
"929","sevblack.us","SALSOLA KALI",0,6.25,4.05,0.65,-5.6,4.05,-9.65
"930","sevblack.us","SCLEROPOGON BREVIFOLIUS",4.1,0.75,1.95,0,-0.75,-2.15,1.4
"931","sevblack.us","SOLANUM ELAEAGNIFOLIUM",0,1.75,0,0.5,-1.25,0,-1.25
"932","sevblue.us","CHONDROSUM ERIOPODUM",2.975,20,1.65,4.80833333333333,-15.1916666666667,-1.325,-13.8666666666667
"933","sevblue.us","CHONDROSUM GRACILE",20.8071428571429,16.7142857142857,14.3442857142857,9.42857142857143,-7.28571428571429,-6.46285714285714,-0.822857142857144
"934","sevblue.us","SPHAERALCEA HASTULATA",0,0.5,2,0,-0.5,2,-2.5
"935","sevmixed.us","CHONDROSUM ERIOPODUM",12.6928571428571,19.1785714285714,11.4142857142857,7.34285714285714,-11.8357142857143,-1.27857142857143,-10.5571428571429
"936","sevmixed.us","CHONDROSUM GRACILE",7.83333333333333,6.8,4.975,1.65,-5.15,-2.85833333333333,-2.29166666666667
"937","sevmixed.us","GUTIERREZIA SAROTHRAE",0,1.66666666666667,0,1,-0.666666666666667,0,-0.666666666666667
"938","sevmixed.us","HILARIA JAMESII",5.4,6.925,3.31428571428571,0.85,-6.075,-2.08571428571429,-3.98928571428571
"939","sevmixed.us","MACHAERANTHERA PINNATIFIDA",0.833333333333333,0.5,0.5,0.5,0,-0.333333333333333,0.333333333333333
"940","sevmixed.us","SOLANUM ELAEAGNIFOLIUM",1.375,0.5,0.5,0.5,0,-0.875,0.875
"941","sevmixed.us","SPHAERALCEA HASTULATA",1,0,0.5,0,0,-0.5,0.5
"942","spvdrt.ar","CARDIONEMA RAMOSISSIMUM",1,1,1,1.66666666666667,0.666666666666667,0,0.666666666666667
"943","spvdrt.ar","ERODIUM CICUTARIUM",1,0,2,1,1,1,0
"944","spvdrt.ar","GALIUM RICHARDIANUM",1,1,1,7,6,0,6
"945","spvdrt.ar","HORDEUM MURINUM",0,1,0,3,2,0,2
"946","spvdrt.ar","HYPOCHAERIS RADICATA",1,1,2.66666666666667,3,2,1.66666666666667,0.333333333333333
"947","spvdrt.ar","NASSELLA TENUIS",2,1.66666666666667,15.6666666666667,16.6666666666667,15,13.6666666666667,1.33333333333334
"948","spvdrt.ar","NOTICASTRUM SERICEUM",1,1,1,4,3,0,3
"949","spvdrt.ar","PANICUM URVILLEANUM",2,1.5,3,2.5,1,1,0
"950","spvdrt.ar","PAPPOSTIPA SPECIOSA",2,1,1.5,1.33333333333333,0.333333333333333,-0.5,0.833333333333333
"951","spvdrt.ar","PLANTAGO PATAGONICA",1,1,2,1,0,1,-1
"952","spvdrt.ar","SCHISMUS BARBATUS",1,1,2.33333333333333,1.33333333333333,0.333333333333333,1.33333333333333,-1
"953","spvdrt.ar","SPOROBOLUS RIGENS",1,3,5.66666666666667,16,13,4.66666666666667,8.33333333333333
"954","spvdrt.ar","VULPIA BROMOIDES",1.33333333333333,1,2,1,0,0.666666666666667,-0.666666666666667
"955","teshio.jp","ANTHOXANTHUM ODORATUM",12.9,12.75,16.6666666666667,14.5,1.75,3.76666666666667,-2.01666666666667
"956","teshio.jp","ARTEMISIA INDICA",0,4,0,25,21,0,21
"957","teshio.jp","CALAMAGROSTIS EPIGEIOS",61.6666666666667,53.5,60.3,57.1,3.6,-1.36666666666667,4.96666666666667
"958","teshio.jp","EQUISETUM ARVENSE",1,4,4,5.5,1.5,3,-1.5
"959","teshio.jp","GERANIUM THUNBERGII",2,1,8,4.5,3.5,6,-2.5
"960","teshio.jp","JUNCUS EFFUSUS",2,45,3,8,-37,1,-38
"961","teshio.jp","PHALARIS ARUNDINACEA",40,10,25,12.5,2.5,-15,17.5
"962","teshio.jp","PHRAGMITES AUSTRALIS",22,3,65,37.5,34.5,43,-8.5
"963","teshio.jp","PILOSELLA AURANTIACA",0,2,0,2,0,0,0
"964","teshio.jp","POLYGONUM THUNBERGII",30,4,12.5,6.25,2.25,-17.5,19.75
"965","teshio.jp","RANUNCULUS REPENS",5,2,7,5,3,2,1
"966","teshio.jp","STELLARIA GRAMINEA",1.75,2,3.66666666666667,4.75,2.75,1.91666666666667,0.833333333333333
"967","teshio.jp","TARAXACUM TARAXACUM",1.25,1,5,0,-1,3.75,-4.75
"968","ukulingadrt.za","ACALYPHA ANGUSTATA",3,0,0,2,2,-3,5
"969","ukulingadrt.za","AFROASTER HISPIDA",0,1,3,7,6,3,3
"970","ukulingadrt.za","BRACHIARIA SERRATA",25,0,4,0,0,-21,21
"971","ukulingadrt.za","CEPHALARIA PUNGENS",1.66666666666667,2,15.75,7,5,14.0833333333333,-9.08333333333333
"972","ukulingadrt.za","CHAETACANTHUS BURCHELLII",1.66666666666667,3.33333333333333,2.66666666666667,7.5,4.16666666666667,1,3.16666666666667
"973","ukulingadrt.za","COMMELINA AFRICANA",0,3,1.5,1,-2,1.5,-3.5
"974","ukulingadrt.za","CYMBOPOGON CAESIUS",9,12,8.16666666666667,6.5,-5.5,-0.833333333333334,-4.66666666666667
"975","ukulingadrt.za","DIHETEROPOGON AMPLECTENS",8,10.6666666666667,3,5,-5.66666666666667,-5,-0.666666666666666
"976","ukulingadrt.za","ERIOSEMA CORDATUM",6,4.33333333333333,13.5,2,-2.33333333333333,7.5,-9.83333333333333
"977","ukulingadrt.za","GRADERIA SCABRA",0,1,0,2,1,0,1
"978","ukulingadrt.za","HELICHRYSUM NUDIFOLIUM",1,0,0,4,4,-1,5
"979","ukulingadrt.za","HETEROPOGON CONTORTUS",11.5,9,0,6,-3,-11.5,8.5
"980","ukulingadrt.za","HIBISCUS AETHIOPICUS",1.66666666666667,3,4.66666666666667,4.66666666666667,1.66666666666667,3,-1.33333333333333
"981","ukulingadrt.za","INDIGOFERA HILARIS",1,3,5,15,12,4,8
"982","ukulingadrt.za","KOHAUTIA AMATYMBICA",1,0,2,0,0,1,-1
"983","ukulingadrt.za","POLYGALA HOTTENTOTTA",0,1,2,0,-1,2,-3
"984","ukulingadrt.za","SCABIOSA COLUMBARIA",3,3,0,3.75,0.75,-3,3.75
"985","ukulingadrt.za","SENECIO BUPLEUROIDES",3,2,8.16666666666667,7.33333333333333,5.33333333333333,5.16666666666667,0.166666666666667
"986","ukulingadrt.za","SENECIO CORONATUS",1.5,2,7.5,3,1,6,-5
"987","ukulingadrt.za","SETARIA NIGRIROSTRIS",0,4.5,40,30,25.5,40,-14.5
"988","ukulingadrt.za","SPERMACOCE NATALENSIS",1,0,14,5,5,13,-8
"989","ukulingadrt.za","THEMEDA TRIANDRA",31.6666666666667,30,11.3333333333333,15,-15,-20.3333333333333,5.33333333333334
"990","ukulingadrt.za","THUNBERGIA ATRIPLICIFOLIA",3,3.5,11.5,35,31.5,8.5,23
"991","ukulingadrt.za","TRISTACHYA LEUCOTHRIX",46.6666666666667,42,30.5,46.6666666666667,4.66666666666666,-16.1666666666667,20.8333333333333
"992","yarradrt.au","AXONOPUS FISSIFOLIUS",5.475,5.4,4,0,-5.4,-1.475,-3.925
"993","yarradrt.au","COMMELINA CYANEA",2.17,0,2,2,2,-0.17,2.17
"994","yarradrt.au","CYNODON DACTYLON",62.625,55.925,51.25,47.5,-8.425,-11.375,2.95
"995","yarradrt.au","DICHELACHNE CRINITA",0.1,0,1,1,1,0.9,0.1
"996","yarradrt.au","EHRHARTA STIPOIDES",8.47,35.45,10.75,61.25,25.8,2.28,23.52
"997","yarradrt.au","ERAGROSTIS CURVULA",10.25,0,8.5,0,0,-1.75,1.75
"998","yarradrt.au","HYPOCHAERIS RADICATA",14.565,7.96666666666667,1,1,-6.96666666666667,-13.565,6.59833333333333
"999","yarradrt.au","KYLLINGA ODORATA",0.3,0.55,1.5,1.25,0.7,1.2,-0.5
"1000","yarradrt.au","LOTUS CORNICULATUS",1.94333333333333,0.75,2,1,0.25,0.0566666666666666,0.193333333333333
"1001","yarradrt.au","PLANTAGO LANCEOLATA",1.85,1.15,1,0,-1.15,-0.85,-0.3
"1002","yarradrt.au","SENECIO MADAGASCARIENSIS",0.5,0.3,2,15,14.7,1.5,13.2
"1003","yarradrt.au","SETARIA PARVIFLORA",7.36,20.3333333333333,21.25,3.33333333333333,-17,13.89,-30.89
